,model,comment,sentiment,sex
1,iPhone 10,iphone 10 oppo 64MP/108MP ? ?,,
2,POCO X3,poco X3 oppo official ki international ? ?,,
3,Redmi 1,"redmi 10 oppo mate , mate honor gift ache ?",,
4,POCO X3,poco x3 Indian version ta ki mate ... ? ?,,
5,redmi note 10,redmi note 10 oppo 8/128 gb available nai ?,,
6,redmi note 10 Lite,Vai redmi note 10 lite available ... ? ?,,
7,POCO M2,poco m2 oppo 6/128 available ?,,
8,redmi note 10,redmi note 10 6/128 international hobe ki ? ?,,
9,OnePlus 8,oneplus 8 dual sim nai ?,,
10,Redmi K40,redmi k40 price,,
11,Redmi K40,redmi k40 kobe asbe ?,,
12,redmi note 10,redmi note 10 oppo mate cn hobe ?,,
13,POCO F3,poco f3 ni ?,,
14,POCO X3,poco x3 Ata ki mate by India .....,,
15,redmi note 10,redmi note 10 4/64,,
16,iPhone 12,waiting nord iphone 12 oppo mate,,
17,POCO X3,poco x3 oppo find . Global available ? Price ?,,
18,iPhone 12,R u bringing 4g nord 5g iphone 12 ?,,
19,redmi note,redmi note 9 oppo mate prise moto ..,,
20,POCO X3,poco x3 Price ? ?,,
21,Score M,When score mi 11 find price,,
22,POCO X3,poco x3 find ( 6/128gb ) unofficial available ? ?,,
23,Aurora,Uradhura offer chai kichu phab warp aurora,,
24,redmi note 10,redmi note 10 s কবে আসবে ?,,
25,iPhone 11,iphone 11 er price moto,,
26,Nokia 5,4g nokia 5g ?,,
27,Redmi K40,redmi k40 vibe asbe ?,,
28,iPhone 11,Price of iphone 11 oppo ?,,
29,Mi 11 Lite,Mi 11 lite 5g unofficial available ?,,
30,POCO M2,poco M2 redmi note 9 inter ache ?,,
31,redmi note,redmi note 9 oppo mate 6/64 .,,
32,Mi 11 Lite,Mi 11 lite 6/64 price moto,,
33,iPhone 12 Pro,Apple iphone 12 product price ?,,
34,iPhone 12,EMI facility nord iphone 12 oppo mate ?,,
35,iPhone 12,konta nubia ? iphone 12 nokia poco x3 ?,,
36,POCO M3,poco m3 6/128 available achey ? ?,,
37,Realme 8,M2 oppo Or realme 8,,
38,POCO X3,poco x3 oppo 6/128 =24500 mate ki official nova ki unofficial,,
39,POCO F3,poco f3 palm ki 31 .. 32 ... as ba,,
40,OnePlus 8T,oneplus 8t ( 12/256 ) Silver colour available ache ?,,
41,POCO X3,poco x3 oppo ( 8/128 ) available ache,,
42,redmi note 10,redmi note 10 ki official- ?,,
43,Redmi K40,redmi k40 mate,,
44,redmi note 10,redmi note 10 oppo mex 6/128 gb 108 mp official moto ?,,
45,Redmi 9 Power,redmi 9 power কত,,
46,Redmi K40,redmi k40 available ?,,
47,redmi note 10,redmi note 10 ( 4/64 ) er official price ki ?,,
48,Redmi K40,redmi k40,,
49,Realme C3,realme c3 4/64 hobe ?,,
50,redmi note 10,"redmi note 10 oppo offical palm dicout diya 26 k eta un official 24500 chai vai apnera , ki pagol hoiya maven nokia",,
51,OnePlus 9,oneplus 9 oppo 12/256 ki global edition ?,,
52,redmi note 10,redmi note 10 oppo 6/128gb watch country rom ?,,
53,POCO X3,poco x3 6/128 unofficial nai,,
54,POCO M3,poco m3 6/128 available ? ?,,
55,OnePlus 8T,oneplus 8t 8-128 price ?,,
56,redmi note 10,Vai redmi note 10 oppo mate ? ? ?,,
57,Palm,Ekhon Available mate palm colour ?,,
58,redmi note 10,redmi note 10 oppo mate price,,
59,redmi note 10,redmi note 10 6/128 need ..... moto ?,,
60,redmi note 10,redmi note 10 s ?,,
61,redmi note 8,Vhaia redmi note 8 moto tk ? ?,,
62,Mi Note 10,redmi note 10 oppo Indian price moto ? ?,,
63,POCO X3,poco x3 oppo 6/128 price ?,,
64,POCO X3,poco x3 6/128 indian unofficial price ? ?,,
65,Palm,set jmn e hok .. palm dekhe akta nord e reflect hoy & that is `` Baal '',,
66,ChaCha,find it doesnt support google services find nova motion of xiaomi redmi eu rom as well .... Jhara vibe chodna khaoya chacha play nai .,,
67,Moto C,You trying moto create hype .,,
68,Redmi K20,I need it nord redmi K20,,
69,Redmi K40,redmi k40 Bruce Lee special edition mybe,,
70,Mi 11 Lite,"note , waiting nord mi 11 lite 5g",,
71,POCO X3,poco x3 indian price moto ?,,
72,POCO X3,এইটা POCO x3 oppo এর জন্য পাওয়া যাবে ?,,
73,Mi 11 Lite,Mi 11 lite 5G kobe anben,,
74,Palm,palm moto,,
75,OnePlus 9,Er theke oneplus 9R flare better,,
76,iPhone 7,iphone 7 plus er nai camon,,
77,Mi 11 Lite,Mi 11 lite ki Bangladesh a official asbe ..,,
78,POCO F3,poco f3 available,,
79,Mi 11 Lite,xiaomi redmi mi 11 lite 5g available ?,,
80,redmi note 9,redmi note 9 nibo,,
81,x,poco x3 oppo ki international global ?,,
82,Redmi K40,redmi k40 8-128 white ki available,,
83,redmi note 10,redmi note 10 oppo ( indian ) price ?,,
84,Mi 11 Lite,Mi 11 lite 5g ( SD 780g ) :,,
85,redmi note 10,redmi note 10 oppo nibo 6/128,,
86,Score M,Exchange kora jane realme 8 oppo exchange score mi 11 lite Nita cacci,,
87,redmi note 10,redmi note 10 official price ?,,
88,Mi 11 Lite,Mi 11 lite price ?,,
89,POCO X3,poco x3 oppo indian nokia international ?,,
90,Realme 8,"realme 8 ,20000 hobe v",,
91,Mi Note,redmi note 9 nibo ....,,
92,OnePlus 6,oneplus 6/128 Interstellar Glow colour available ? Nd price ?,,
93,POCO X3,poco x3 oppo 8/128 ?,,
94,Mi Note,REDMI NOTE 9 oppo,,
95,POCO X3,Okay ! poco x3 oppo & very sleek desire okay again,,
96,Desire,She maven zero knowledge about smartphones without desire,,
97,KeyOne,Abal e key2 ki ... key2 muta iphone Pretty hoy keyone chukh ki gese nova mate,,
98,POCO X3,poco x3 oppo indian version find chineese version er difference ki ? find better konta ?,,
99,Redmi K40,redmi k40 8/256 price moto ?,,
100,POCO X3,এতদিন ধরে poco X3 চালাচ্ছি কিন্ত ফোনটা এত যে প্রিটি ভিডিওটি না দেখলে জীবনেও জানতাম না।,,
101,Vivo V20 ,X3 oppo black hoile vivo v20 is a joke,,
102,Redmi K40,redmi k40 white ki available,,
103,POCO X3,Ei ideos dekhar por.Poco X3 kinar iccha chole geche,,
104,Palm,"Alhamdullah palm komtese , , 10k t neme asle kine felbo find phab Allah",,
105,redmi note 10,redmi note 10 official 4/64 ki available ? ?,,
106,redmi note 10,redmi note 10 oppo indian warp,,
107,redmi note 10,redmi note 10 oppo mate price ? ?,,
108,Redmi K30,vai redmi k30i 5g er ki tecno kuno somadan mate nai,,
109,redmi note 10,vai redmi note 10 oppo offer dilen nova ?,,
110,POCO X3 Pro,"POCO X3 Pro এর অফার থাকলে বইলেন , এইসব লুতুপুতু খেলা দেখায়েন নাহ।",,
111,Palm,Ai palm aw avid iphone nova thik Na,,
112,OnePlus 8,Global oneplus 8 oppo 12/256GB & 8/128 GB প্রাইজ কত ভাই ... ?,,
113,OnePlus Nord,oneplus nord price ? ?,,
114,redmi note 10,redmi note 10 price moto,,
115,OnePlus Nord,oneplus nord er version valo nova,,
116,Axon M,oneplus er axon model price moto janaben play ! ! !,,
117,Mi Note,redmi note 9 t 5G ki available hobe,,
118,redmi note 10,redmi note 10 oppo r offer den ekta boro score ..,,
119,POCO F3,poco f3 available find price ?,,
120,OnePlus 8,oneplus 8 ki ki honor e ache ?,,
121,OnePlus 7T,oneplus 7t price ?,,
122,POCO X3,"poco X3 oppo international global hobena , ,",,
123,redmi note 10,redmi note 10 find global 4/64 available ?,,
124,Realme 7 ,realme 7 unofficial moto 6/64,,
125,redmi note 10,"redmi note 10 oppo mate Int . Global official , Price ? ? ?",,
126,Redmi K40,xiaomi redmi redmi k40 avillable watch price ? ?,,
127,Realme 8,realme 8 official price ?,,
128,Note 9,note 9pro 4/64 find global ?,,
129,Realme 7 ,realme 7 oppo unofficial price moto ....,,
130,Realme 7 ,realme 7 oppo available ?,,
131,POCO X3,"poco X3 oppo Int . Global official , seriously ?",,
132,Mi 11 Lite,mi 11 lite blackcolor mate ?,,
133,redmi note 10,redmi note 10 white colour ta ache ki,,
134,Redmi 9,redmi 9 4/64 ( Chinese ) Full Intact ? নাকি দোকানে রিপলি করা ?,,
135,Mi Note,redmi note 9 oppo ta ki international global ?,,
136,Redmi 9,"redmi 9 Chinese 3/4 পিছ নিলে কত রাখবেন , আর 9A . আছে কিনা ?",,
137,OnePlus 8,Bhaia oneplus 8 ki ki honor variant mate ?,,
138,Mi Note 10,Sir redmi note 10 oppo mate avid narzo,,
139,Redmi 9,redmi 9 4/64••••••11999/- ( Chinese ),,
140,Realme 8,ভাই realme 8 oppo 6/128 এইটা কি আপনাদের কাছে আছে এখন। আর থাকলে দাম কতো বলবেন,,
141,Redmi K40,redmi k40 oppo price,,
142,POCO M2,poco M2 Pro,,
143,Mi Note 10,REALME 8 ( 30 watch ) full charge note somoy key2 almost 66 find but redmi note 10 ( 33 watch ) somoy key2 almost 102 find . Same battery capacity mate mate time difference reno3 ? ? ?,,
144,Redmi 9,redmi 9 4/64 Int global warp akta poco diban full intact box warp ? ?,,
145,Mi Note 10,redmi note 10 oppo ... International global mate ki ? ?,,
146,Realme 7 ,realme 7 oppo honor konta ache ? find kalke ashle pawa jabe confirm ?,,
147,Realme 8,realme 8 unofficial price moto,,
148,Mi 11 Lite,Mi 11 lite available ?,,
149,Note 9,note 9 indian nord global,,
150,Realme 8,realme 8 oppo 8/128 unoffical price moto,,
151,Mi Note,redmi note 9 oppo ki available mate,,
152,Mi Note 10,redmi note 10 price key2 find & products key2 available ?,,
153,Mi Note 10,redmi note 10 4/64 ta ki Global Variant nokia Indian Variant ? ?,,
154,POCO X3,Best price of poco X3 oppo,,
155,Mi Note 10,redmi note 10 ki global price nokia indian price ? ?,,
156,Mi Note 10,redmi note 10 oppo official kobe ashbe ?,,
157,POCO X3,poco x3 6/128 available ? Or unofficial ?,,
158,Mi Note 10,redmi note 10 oppo Max.ki International global ?,,
159,Mi Note 10,Vai redmi note 10 er price ta ektu komaben nova ?,,
160,Mi Note 10,redmi note 10 oppo unoffisial price,,
161,Mi Note 10,redmi note 10pro ( 64mp ) er warp 8/128gb er price moto ?,,
162,Mi Note 10,redmi note 10 oppo international availabe ? nova thakle kobe paoa jabe ?,,
163,Mi 11 Lite,Mi 11 lite 5g ashce ?,,
164,Mi Note 10,redmi note 10 oppo এর দাম কি প্রতিদিন ৪০০/৫০০ করে বাড়ে নাকি,,
165,POCO F3,poco f3 8/256 price ?,,
166,Mi Note 10,redmi note 10 4/64 international ?,,
167,iPhone 8,i iphone 8 plus ta dite parbn ?,,
168,Mi Note 10,redmi note 10 oppo chinese ta ki available ?,,
169,POCO X3,poco x3 6/64 asa nokia,,
170,OnePlus 9,oneplus 9pro price ?,,
171,Mi Note 10,redmi note 10 ki dite parben ? 4/64 indian .,,
172,POCO X3,Need poco x3,,
173,Mi Note 10,redmi note 10 oppo 8/128 global ki mate,,
174,Galaxy A52,Samsung galaxy A52 available vibe ki ? ? ? r hole prices moto ? ? ?,,
175,Mi Note 10,redmi note 10 oppo mate official price ?,,
176,Mi Note 10,redmi note 10 Pro ( International ) global version হবে ? ?,,
177,POCO F3,poco f3 oppo er price ?,,
178,Realme X2,realme x2 oppo available ?,,
179,POCO F3,poco f3 oppo ber honor chances ache ?,,
180,Mi Note,redmi note 9 ta ki available mate ?,,
181,POCO F3,poco F3 limited note koyta stock a mate bujhacchen ?,,
182,Mi Note 10,redmi note 10 4/64 Aikhan a price 16690tk,,
183,POCO F3,8/256 poco f3 price,,
184,Mi Note 10,8 tarikh ki redmi note 10 oppo er price akoi thakbe ? warp honor discount vibe kina aktu bolben play .,,
185,Mi 11 Lite,Mi 11 lite moto ?,,
186,POCO F3,poco f3 5g global white colour hobe ?,,
187,POCO M3,poco m3 official ?,,
188,POCO F3,"poco F3 8/128 Price Pls ,",,
189,POCO F3,poco F3 er ki 8/128 variant asbe ?,,
190,Redmi K40,F3 dia ki honor .... redmi k40 oppo lagbo,,
191,POCO X3,poco x3,,
192,Mi Note 10,redmi note 10 oppo international version টা নাই ? ?,,
193,POCO X3,"poco x3 note chai , , ,",,
194,Mi Note 10,redmi note 10 4/64 ekhono ki ei dame paoya mate,,
195,Mi Note 10,where adyan delivery update .. please update adyan delivery stock .. our demund redmi note 10 oppo,,
196,Mi Note,Vai Mi 11lite 5g eta paowa vibe ? Ar price ta kmn porbe ? Ami note chai .,,
197,Mi Note 10,redmi redmi note 10pro mate ... global version ta ki available ... ?,,
198,Mi Note 10,Vai redmi note 10 4/64 ভ্যারিয়েন্টে অন্যরা নিচ্ছে ১৫৯৯৯/১৬০০০ আর আপনারা ১৬৬৯০,,
199,Mi Note 10,redmi note 10 ( 6/128 ) INT GLOBAL ... stylo available watch colour ?,,
200,POCO X3,Tnx vai poco x3 peyesi intex iphone !,,
201,Mi Note 10,redmi note 10 oppo mate note cassi ?,,
202,Realme 8,realme 8 price moto,,
203,Mi Note 10,redmi note 10 official available ?,,
204,Mi Note,Mi note 9 oppo mate 6/128 ? ?,,
205,Mi 11X,আপনারা Mi 11x oppo আনবেন বা redmi k40 oppo global rom flare করে দিতে পারবেন ? ?,,
206,Redmi K40,redmi k40 এর প্রাইজ কত ?,,
207,Redmi K40,redmi k40 price play,,
208,Palm,eita free shop a gele e dia vibe ei jonnu palm dei nai,,
209,Palm,China nord Global palm ?,,
210,POCO F3,poco F3 er price moto ? ? ?,,
211,Redmi K40,redmi k40 pro+ ki ashar honor chance acce ? ?,,
212,Redmi K40,redmi k40 pro+ hobe ?,,
213,Redmi K40,redmi k40 oppo er price moto ?,,
214,Mi 11 Lite,Mi 11 lite ki available ?,,
215,Palm,palm Kobe kombe,,
216,Redmi K40,redmi k40 ki available ?,,
217,Mi Note 10,"redmi note 10 ,6/128 , international global থাকলে দেন , মিরপুর থেকে নিয়ে আসবো।",,
218,Mi Note 10,redmi note 10 international hobe ?,,
219,Mi Note 10,Cash axon delivery hobe .. ? Tahole redmi note 10 oppo mate nibo ?,,
220,POCO M2,Exchange possible watch poco m2 oppo ?,,
221,Note 8,note 8 moto ?,,
222,Mi Note 10,redmi note 10 oppo 8/128 price moto ?,,
223,POCO M2,poco m2 oppo ( 6/64 ) available ?,,
224,Mi Note 10,redmi note 10 global 6/128 dhaka r বাইরে possible ?,,
225,POCO X3,poco x3 ache ? ?,,
226,Mi Note 10,redmi note 10 er china Ta Ashbe Kobe ?,,
227,Mi Note 10,redmi note 10 oppo ki India nord international,,
228,Redmi 9,redmi 9 CN er palm narzo reno3 ? Eta moto 11500/- diya bikri moto !,,
229,Mi Note 10,redmi redmi note 10pro mate 6/128 available .. ?,,
230,POCO M2,poco M2 oppo ta ki available,,
231,Mi Note,redmi note 9 oppo 4/64 available mate,,
232,POCO X3,poco x3 poco 6/128 gb kih ashe nai,,
233,Mi Note 10,redmi note 10 oppo er prosser konta vai .. ? 732 নাকি ৬৭০ ?,,
234,Mi Note 10,redmi note 10 6/128 lagbe,,
235,Mi Note 10,mi redmi note 10prokoto,,
236,Spark 4,black spark 4 ki available mate ?,,
237,Mi Note 10,redmi note 10 unofficial warp price moto ? ?,,
238,Mi Note 10,redmi note 10 axon variant aita ?,,
239,Mi Note 10,Amr kas thaka 10tk blade nesa redmi note 10,,
240,Mi Note 10,redmi note 10 ( 4/64 ) unofficial price moto ?,,
241,Mi Note 10,redmi note 10 4/64 price moto Mirpur 10 barnch e,,
242,Redmi 9,redmi 9 cn global hoba,,
243,Redmi 9,redmi 9 CN ( 4/64 ) black 12.5k,,
244,Mi Note,redmi note 9 oppo 6/128 Unofficial price moto .,,
245,POCO F3,poco F3 কবে পাবো ? .,,
246,Redmi 9,redmi 9 cn mate ki,,
247,iPhone 12,iphone 12 oppo mate 128gb bd Official iphone mate ? Daam moto ?,,
248,Droid Mini,xiaomi droid mini tv box price please,,
249,POCO M2,"poco m2 oppo available ? R price moto , unofficial ?",,
250,POCO X3,poco x3 oppo 8/256 global price,,
251,Mi Note 10,redmi note 10 Pro ki international nokia Indian ?,,
252,Redmi 10X,redmi 10x er price kombe vibe ? kisudin agei nova 14k stylo .,,
253,Mi Note 10,redmi note 10 oppo indian nova global ?,,
254,Mi Note 10,redmi note 10 international global mate ki ? ? ?,,
255,Redmi 10X,redmi 10x price moto,,
256,Palm,Poxo X3 Pro er palm besi key2,,
257,Palm,palm koman narzo vai,,
258,Note 9,note 9 Pro 6GB 64GB price kmn .. ?,,
259,Mi Note 10,redmi note 10 4/64 এটা কি ইন্ডিয়ান নাকি ইন্টারন্যাশনাল ?,,
260,Mi Note 10,redmi redmi note 10 oppo 6/128 global version,,
261,POCO X3,poco x3 oppo er palm 30k howa drkar ..,,
262,Mi Note 10,redmi note 10 6/128 ki Global ?,,
263,POCO X3,"poco x3 oppo 8/128 , 26k vibe vibe ?",,
264,Mi Note 10,redmi note 10 oppo 6/128 unofficial price moto,,
265,Mi Note 10,redmi note 10 er palm kombe kobe akhono price onk high indian mate compare korle . 4/64 15500tk 6/128 18k hobe kokhon ?,,
266,Mi Note 10,redmi note 10 oppo mate টা কি আছে না কি আনবেন ?,,
267,ZenFone 8,Asus zenfone 8 ki er price play ?,,
268,POCO M2,poco m2 oppo available ?,,
269,iPhone XR,iphone xr available ?,,
270,Mi Note 10,redmi note 10 global price ?,,
271,Mi Note 10,redmi note 10 oppo 6/128 watch version ?,,
272,Mi Note 10,"redmi note 10 oppo 6/128 22,500 ki indian ? ? ?",,
273,Redmi K40,Vaiya redmi k40 kobe asba ?,,
274,POCO M2,vai poco m2 oppo er mate exchange kora jabe ki ?,,
275,Redmi K40,redmi redmi k40 কি আসছে ?,,
276,Mi Note 10,redmi note 10 oppo mate er price moto 6/128,,
277,Mi Note 10,আমার ইমারজেন্সি redmi note 10,,
278,Mi Note 10,redmi note 10 6/128 honor ki ki ache,,
279,Mi Note 10,redmi note 10 ki official ?,,
280,Mi Note 10,redmi note 10 oppo note cai,,
281,Mi Note 10,redmi note 10 oppo optimisation issue ki thik hoise ?,,
282,Mi Note 10,What is the difference between redmi note 10 international global find Indian version,,
283,Mi Note 10,redmi note 10 oppo mate ?,,
284,Mi Note 10,redmi note 10 oppo mate available ?,,
285,Palm,Shawon vai palm komse moto . Kini dessa ebar .,,
286,Mi Note 10,redmi note 10pro version kunta,,
287,Mi Note 10,Assa kaw ki bolben jodi indian global warp redmi note 10pro nai tahola score agular network service off hoya jaba,,
288,POCO F3,poco f3 kkn available hobe ?,,
289,Mi Note 10,redmi note 10 oppo mate 6/128 price,,
290,Mi Note 10,redmi note 10 oppo 6/128 ki indian ?,,
291,POCO X3,poco x3 oppo available ?,,
292,Mi Note 10,"redmi note 10 oppo 6 , 128 note cacchi ,",,
293,POCO X3,poco X3 oppo unofficial ache Vai .. ? ?,,
294,Mi Note 10,Sir redmi note 10 oppo 4/64,,
295,Mi Note 10,Tik mate price . redmi note 10s ki 18k mate paoya jabe viya ?,,
296,Note 8,realme note 8er price moto unofficial ta ? ?,,
297,Mi Note 10,redmi note 10 ( 4/64 GB ) price ?,,
298,Mi Note 10,redmi note 10 oppo ( international global ) available ?,,
299,Palm,Pocp x3 oppo 6/128 global version er palm moto ?,,
300,Mi Note 10,redmi note 10-4/64 Indian Price ?,,
301,Redmi K40 Gaming,redmi k40 gaming edition asbe kobe,,
302,POCO F3,poco f3pro dorkar kobe pawa jabe ? ?,,
303,POCO X3,poco x3 oppo find mate,,
304,Mi 11 Lite,mi 11 lite 4g er price 6/64,,
305,POCO M2,poco m2pro ki r nai ?,,
306,POCO M2,poco m2 oppo available nord note ?,,
307,Mi Note 10,redmi note 10 oppo bronze colour available mate .,,
308,Mi Note 10,redmi note 10 oppo mate price,,
309,Mi Note 10,India redmi note 10 oppo er camera 64 nokia 108 mp ? Aktu clear bolben ?,,
310,Mi 11 Lite,mi 11 lite 6/128 price,,
311,Mi Note 10,redmi note 10 oppo ( international ) mate ?,,
312,POCO X3,poco x3 oppo ki indian nokia international ? R 8/128 ki available ?,,
313,Mi Note 10,redmi note 10i available ?,,
314,POCO X3,poco x3 oppo bronze colour ta mate ?,,
315,Mi Note 10,redmi note 10 এর গ্লাস পেপার ও কাবার পাওয়া যাবে ?,,
316,Mi Note 10,redmi note 10 oppo 6/64 ache ? Thakle price ? ?,,
317,Mi Note 10,redmi note 10 oppo 20 jokon hoba tokon nibo .,,
318,Mi Note 10,redmi note 10 oppo mate ki exchange kora jabe amaze Samsung A71 er সাথে,,
319,Mi Note 10,Is the redmi note 10 oppo maven that 108 mp flare camera ?,,
320,Mi Note 10,redmi note 10 oppo international,,
321,Redmi 1,redmi 10pro Available Ache ki ? Order note narzo ? ? ?,,
322,POCO X3,poco x3 oppo phantom black ta vibe apndr kase ? Shop e eshe nitam ..,,
323,POCO X3,POCO X3 oppo indian nord global ?,,
324,Mi 10i,mi 10i লাগবে।,,
325,POCO X3,poco X3 oppo ki indian variant ...,,
326,Mi Note 10,redmi redmi note 10 oppo mate available ..... ? ?,,
327,Mi Note 10,palm kombe kobe . redmi note 10,,
328,POCO X3 Pro,poco X3 Pro Price 6 128,,
329,Mi Note 10,redmi note 10 oppo mate price,,
330,Mi Note 10,redmi note 10 oppo 6/128 blade colour available ? ? ?,,
331,Mi Note 10,redmi note 10 oppo international global ta lagbe,,
332,POCO X3,poco x3 oppo indian global nord international global ?,,
333,Palm,Is that palm official iphone ?,,
334,Mi Note 10,Official redmi note 10 oppo 6/128 price play ?,,
335,Note 9,note 9 oppo er ki stock sesh,,
336,Mi Note,redmi note 9,,
337,POCO X3,poco x3 oppo axon variant ? ? ?,,
338,Palm,palm beshi palm theke,,
339,Mi Note 10,redmi note 10 oppo 6/128 flare price ki 20k mate asba nah,,
340,Mi Note 10,redmi note 10 4/46 international global price play ?,,
341,POCO X3 Pro,"Jai hok poco x3 pror palm 25000 raksen.dekhe valoi laglo , but bidhi palm amaze kache mate 16k , ekhn 25k kmne kori",,
342,Mi Note 10,redmi note 10 oppo mate kom chai narzo,,
343,POCO X3,poco x3 oppo er poco tule post koren,,
344,Mi Note 10,redmi note 10- 6/128 available nord today ? Please let mate know fast !,,
345,Palm,Vai raider mate ki palm kombena ?,,
346,Palm,Mi 9T stock mate ki .. r thakle palm moto .. janaben .. tnxx,,
347,Mi Note 10,redmi note 10 6/128 ( international global ) black ta available ache ?,,
348,Mi Note 10,redmi note 10 oppo ( international global ) ta vibe ki ? ? ?,,
349,POCO M2,poco m2 oppo 4/64 ki available ? Hole price moto ?,,
350,Mi Note 10,redmi note 10 ta konta ....,,
351,Realme C2,realme c25 . ?,,
352,Mi Note 10,redmi note 10 indian Global e ki Super amoled nova amoled display ?,,
353,Mi Note 10,redmi note 10 Pro 6/128 eta ki international global hoi nova ......,,
354,Palm,manobota jeheu bujhen . palm koman,,
355,POCO X3,poco X3 oppo international global ta 25k mate den please,,
356,Note 9,note 9 oppo 4 128 jomuna mate prise moto,,
357,Mi Note 10,redmi note 10 asee ? ?,,
358,POCO F3,poco F3 price,,
359,Mi Note 10,redmi note 10 oppo Max 6/128•••••26500/- ( Global ),,
360,Redmi 9A,দুপুরে ফোন দিলাম redmi 9A 4/64•••••9000/- ( Chinese ) স্টক নাই। আবার এলো কোথা থেকে ?,,
361,Mi Note 10,redmi note 10 oppo 6/128 official global version moto price ? ? note oppo mate just redmi note 10 oppo,,
362,OnePlus 8,Vai oneplus 8 nord 8t কি ৩৫ থেকে ৪০ এর ভিতরে পাওয়া যাবে ? ?,,
363,Mi Note,redmi note 9 ki official iphone ?,,
364,Mi Note 10,"redmi note 10 tolarbage dite parben ? 6/128 , international global , grand honor",,
365,POCO X3,poco x3 poco neye nebo nokia,,
366,Mi Note 10,Vai redmi note 10 oppo mate name warp honor iphone moto Globale launched hoyni ta vai redmi note 10 oppo mate ( Global ) aita koi pailen ? ? ?,,
367,Redmi K40,Any update of redmi k40 ?,,
368,Mi Note 10,redmi note 10 oppo এইখানে প্রাইস ঠিকি দিছেন ২৩০০০। অথচ Qcoom য়ে ২৪০০০ টাকা দাম দিয়া ওইটার ওপরে অফার দেওয়া। কি টেকনিক।,,
369,Mi Note 10,"ভাই redmi note 10 oppo এর মধ্যে কি 108 mp নাকি , ? ? 64mp ? ?",,
370,Realme X2,realme X2 global version ki available,,
371,Mi Note 10,redmi note 10 oppo mate 23000 টাকা হবে ?,,
372,Nord N10 5G,oneplus nord n10 5g ki official ?,,
373,Mi Note 10,redmi note 10 oppo mate Indian nord International,,
374,POCO F3,poco f3 ta kobe anben ? ?,,
375,Mi Note 10,redmi note 10 oppo mate er golden colour ta ki ache,,
376,OnePlus 9,oneplus 9R India mate 40000 hoile Bangladesh a kivabe 52990 hoi ?,,
377,OnePlus 7T,oneplus 7t ki available ? ?,,
378,POCO X3,poco x3 ( axon NFC ),,
379,OnePlus Nord,Vaiya ... oneplus nord 8/128 unofficial er price moto porbe .. ?,,
380,OnePlus 9,oneplus 9R warp price kom hoiya gele nah,,
381,OnePlus 8,oneplus 8 T 48k hobe,,
382,OnePlus 8,oneplus 8 glow colour available ?,,
383,POCO X3,poco x3 6/128 global available ?,,
384,Tecno Spark,tecno spark 7 oppo কত টাকা ?,,
385,Mi 11 Lite,Mi 11 lite 31999 ei price ki official nova unofficial ? ?,,
386,Mi Note 10,redmi note 10 oppo mate 8/128,,
387,Mi Note 10,ভাইয়া redmi note 10 oppo 8/128 অনলাইনে পাওয়া যাবে,,
388,Mi Note 10,redmi note 10 oppo 8/128 bronze colour mate .,,
389,Mi 11 Lite,redmi k40 is better thn mi 11 lite,,
390,Palm,palm ektu kom hoye gelo nova arektu baraten,,
391,POCO X3,poco x3 oppo international,,
392,Mi 11 Lite,mi 11 lite 31k online price r apnader ki offer bah32k,,
393,Palm,5G warp palm eta hole thik chilo,,
394,Mi 11X,Mi 11x/poco f3/redmi k40 warp price moto ? ?,,
395,Mi 10S,mi 10s ?,,
396,Mi 11 Lite,Vai aita ki mi 11 lite sd780g 5g ? ?,,
397,Redmi K40,এই ফোন ৩২ দিয়ে কে নিবে redmi k40 flare flare better .,,
398,Nova 4,5g nova 4g ?,,
399,Mi 11 Lite,Mi 11 lite 5G kobe ashbe,,
400,Mi Note 10,redmi note 10 line up ta Global varient ashbena ? ? ? eta moto mate Indian version,,
401,Mi Note,xiaomi redmi note 9 oppo mate . 6/128 .,,
402,Mi Note 10,redmi note 10 find .. 17000 rakha jai ? ?,,
403,Note 9,note 9 oppo ki international,,
404,Mi Note 10,redmi note 10 6/128 moto ? ?,,
405,POCO F3,poco f3 official kobe asbe,,
406,POCO X3,poco x3 oppo global price ?,,
407,POCO X3,poco x3 unofficial price play,,
408,Mi Note 10,redmi note 10 oppo global nord indian ?,,
409,Mi Note 10,redmi note 10 ki official ? ?,,
410,Mi Note 10,redmi note 10 6/128 global version available ?,,
411,Mi Note 10,redmi note 10 international 6/128 Price ?,,
412,Mi Note 10,redmi note 10 6/128 ki global version,,
413,Redmi 9 Power,redmi 9 power ki official nokia unofficial ?,,
414,Mi Note 10,redmi note 10 indian ta white ta ache ? ?,,
415,OnePlus Nord,oneplus nord hobe ? ?,,
416,Realme 8,Vai realme 8 ... Ta ki available mate ... R official axon unofficial price moto,,
417,OnePlus 8T,oneplus 8t ( 12/256 ) silver colour available ?,,
418,POCO F3,poco F3 Er palm Koman Na Kn Bujhi Na,,
419,OnePlus 7,oneplus 7 oppo intarnational hoba ki,,
420,POCO F3,poco f3 er price moto ?,,
421,Palm,poco x2 hobe ki boss ? ? ... find palm moto 4/64 variant find 4/128 variant,,
422,POCO X3,poco x3 oppo 6/128 official = 28 k ...,,
423,Mi Note 10,redmi note 10 oppo available ?,,
424,Mi Note 10,redmi note 10pro ki 108mp camerar,,
425,POCO M3,Vai poco m3 er price ta ektu bolben,,
426,Mi 11 Lite,Mi 11 lite yellow honor asba ki ? ?,,
427,Mi Note 10,redmi note 10 ki official ? ?,,
428,Mi 11 Lite,Mi 11 lite colour konta hobe ? ?,,
429,Mi Note,Sir redmi note 9 oppo 6/64 price find bangladesh official moto please bolen,,
430,Mi Note 10,redmi note 10 oppo indian ?,,
431,Mi Note 10,Plz play redmi note 10 oppo mate price,,
432,Palm,razer update je phab nibo se phnr palm avid thake . jibon da bedona,,
433,Redmi 10X,redmi 10x 4/128 এটার দাম কত ?,,
434,Mi Note 10,redmi note 10 6/128 find palm komer sombabona aca ? 1mas er modda . ?,,
435,Mi Note,redmi note 9 oppo 6/128 GB price,,
436,Redmi Y3,Vaiya xiaomi redmi redmi Y3 ki available apnnader kasee .. ? ? ?,,
437,Mi Note 10,redmi note 10 oppo mate moto porbe,,
438,Mi Note 10,Is redmi note 10 Gobal variant available,,
439,Mi Note 10,"ভাই , redmi note 10 মোবাইলটির International global টা কি Chinese , এটাতে কি Google এর Application গুলি By default use করা যাবে ?",,
440,Mi Note 10,redmi note 10 oppo 6/128 unofficial price play,,
441,Mi Note 10,redmi note 10 Pro ( 6/128 ) - International Global কতো ?,,
442,Mi Note 10,redmi note 10 6/128 current price ?,,
443,Note 9,note 9 oppo ta hobe ki . ?,,
444,Mi Note 10,Unofficially redmi note 10 4/64 price ekhon moto,,
445,Mi Note 10,redmi note 10-4/64 Indian price ?,,
446,POCO F3,poco F3 available ? ?,,
447,POCO F3,poco f3 black available ?,,
448,Mi Note 10,redmi note 10 4/ 128 price moto,,
449,Mi Note 10,redmi note 10 oppo mate location patiya mobile lagba,,
450,Mi Note 10,redmi note 10 moto,,
451,Note 9,note 9 oppo 4/128 ki available thakle er price moto,,
452,Note 9,note 9 oppo mate available ?,,
453,Mi Note 10,redmi note 10 oppo official warp price moto ? ? ? 8/128,,
454,Mi Note 10 Lite,xiaomi redmi note 10 lite keyone ?,,
455,POCO X3,poco x3 6/128 unofficial price play ?,,
456,Mi Note 10,redmi note 10 oppo 108mp ache ?,,
457,Mi Note 10,redmi note 10 oppo ( 6/128 ) indian er price moto ?,,
458,Redmi 9A,redmi 9A moto GB memory card support score ?,,
459,Mi Note 10,16500 price rakhle valo hobe redmi note 10,,
460,Mi Note 10,redmi note 10 6/128 unofficial Price moto,,
461,Mi Note 10,redmi note 10 .. 6/64 moto vibe ... unofficial,,
462,POCO X3,poco X3 oppo কি official ? ?,,
463,Mi Note 10,redmi note 10 ki official ? ?,,
464,POCO M3,poco m3 oppo 5g ? ? ?,,
465,POCO X3,poco x3 oppo price ki komano jabe ?,,
466,Mi Note 10,Vai redmi note 10 ( IND ) er price komar wait kortesilam ... ulta baraya dilen dekhi,,
467,Redmi 9T,redmi 9T prize ? ?,,
468,POCO F3,poco F3 kobe phab,,
469,Mi Note 10,redmi note 10 oppo 8/128 er price moto ?,,
470,Redmi K40,redmi k40 oppo asbe kobe ?,,
471,Redmi K40,redmi k40 ki available,,
472,POCO X3,poco x3 8/128 ki available ?,,
473,Realme Narzo,realme narzo 30a Avilable . ?,,
474,Realme 8,realme 8 unofficiall ache . ?,,
475,POCO M2,poco m2 oppo mate ?,,
476,Mi Note,redmi note 9 Pro 6/128 price.and redmi note 9 . 4/128 price,,
477,POCO X3,poco X3 oppo official e 26k .,,
478,Mi Note 10,"redmi note 10 oppo mate r 1k komle kinbo , .. !",,
479,Mi Note 10,redmi note 10 oppo official kobe asbe ?,,
480,Mi Note 10,redmi note 10 4/64 er ki ki colour available ?,,
481,Realme C17,realme c17 price 6/128,,
482,Mi Note 10,redmi note 10 oppo 108 Mp camera variant ta ki available 8/128,,
483,Mi Note 10,xiaomi redmi redmi note 10 oppo & oppo mate international nord Indian ?,,
484,Mi Note 10,redmi note 10 5g official palm onk best moto,,
485,OnePlus 8T,oneplus 8t ( 12/256 ) Silver colour available ?,,
486,Mi Note,redmi note 9 oppo mate 6/64 ki available ...,,
487,Mi Note 10,redmi note 10 oppo mate orege colar ta ki available ?,,
488,Palm,Vai oneplus er palm dehi Google e 70 k,,
489,Mi Note 10,redmi note 10 Pro Max official নাকি ভাই,,
490,Redmi 9,redmi 9 price play,,
491,OnePlus 8,oneplus 8 oppo 8/128 price ?,,
492,POCO M3,"poco m3 oppo kobe pawa jabe , janaben kindly .. ?",,
493,Mi 11 Pro,MI 11 Pro আনঅফিশিয়াল কবে নাগাদ আসতে পারে ? প্রাইস কত হবে ?,,
494,POCO X3 Pro,poco x3 Pro 8/128 available ?,,
495,Mi 11 Lite,Mi 11 lite 5g ... ? ?,,
496,POCO X3,poco x3 indian moto ?,,
497,Mi Note 10,"`` redmi note 10 4/64 17190/- Indian '' eitar warrenty , guarenty ?",,
498,POCO X3,poco X3 oppo 6/128 mate ki find global ?,,
499,Redmi 9,redmi 9 4/64 price moto ? ? ?,,
500,Palm,palm x3 হবে ?,,
501,Mi 11 Lite,Mi 11 lite available ?,,
502,OnePlus 8,oneplus 8 ki dual sim . ?,,
503,Note 9,note 9pro mate price ?,,
504,Mi Note 10,redmi note 10 official moto ?,,
505,Redmi 9 Power,redmi 9 power ki 64 sd card support hobey,,
506,POCO F3,POCO F3 price ? ?,,
507,Redmi K40,redmi k40 oppo asca,,
508,Mi Note 10,redmi note 10 Pro Max Super AMOLED display 6/128 sky honor ta moto rskha jabe axon nibo,,
509,Mi Note 10,redmi note 10 6/128 ki International ?,,
510,Mi Note 10,redmi note 10 ki official ?,,
511,POCO X3,poco X3 oppo mate India nokia International,,
512,Mi Note 10,bhai redmi note 10 dekhte narzo ... R avid page 1000 % trusted amr agher phab eta thki anaisi,,
513,Redmi 9 Power,redmi 9 power er price moto vai ?,,
514,Redmi 9 Power,redmi 9 power moto gb,,
515,Mi Note 10,redmi note 10 oppo 108mp ( 6/128 ) official price moto,,
516,Mi Note,realme 7 oppo dekhilam shreshtho mate 19500 redmi note 9 warp O same,,
517,Mi Note 10,28k diye official redmi note 10 Pro ( 108mp ) pawa jasse r ei dike 26k+ unofficial .....,,
518,Note 9,Baal note 9 oppo er price khali baraitei thake,,
519,Palm,palm baraco,,
520,Redmi 9,redmi 9 powar ta ki pawa jabe vai ..,,
521,Mi Note 10,redmi note 10 s available ? ?,,
522,POCO F3,mi11x / poco f3 er honor update mate ?,,
523,Redmi K40,redmi k40,,
524,Mi 11X,F3 Available 8/256 nord MI 11x 8/128 ?,,
525,Redmi K40,redmi k40 er price moto ?,,
526,OnePlus 8,oneplus 8 black/interstellar glow 8/128 available ache ?,,
527,Redmi K40,redmi k40 price ?,,
528,POCO X3,poco x3 oppo,,
529,POCO F3,vai poco f3 maven,,
530,Redmi K40,redmi k40 is best as it comes watch 120 hz e4 amoled + sd 870,,
531,POCO X3,poco x3 oppo budget find my choice is x3 oppo,,
532,POCO X3,poco x3 8/128 official warp prize moto ? ?,,
533,Redmi K40,redmi k40 8/128 available ?,,
534,Redmi K40,redmi k40 Available ? ? ? ?,,
535,POCO F3,Nije poco f3 chalai kintu budget e best poco x3 oppo poco f3 ektu over price,,
536,Redmi K40,Desighn er dikh diye redmi k40 valo ....,,
537,Redmi K40,redmi k40 but apnara kobe anben,,
538,Mi Note 10,redmi note 10 price play ?,,
539,Redmi K40,Bring redmi k40,,
540,POCO F3,poco f3 ...,,
541,Redmi K40,redmi k40 ki asche ?,,
542,POCO X3,দামই বলে দিবে poco x3 oppo নাকি redmi k40 সেরা,,
543,Redmi K40,redmi k40,,
544,Redmi K40,redmi k40,,
545,Redmi K40,redmi k40 8/128 price moto ?,,
546,Redmi K40,redmi k40,,
547,Redmi K40,redmi k40,,
548,Palm,konotar moto moto palm e ullek kora nei ta hole budget onujaye ki vibe choice korbe ?,,
549,Redmi K40,redmi k40,,
550,Redmi K40,redmi k40,,
551,Redmi K40,redmi k40,,
552,Redmi K40 Gaming,redmi k40 gaming edition moto ? ?,,
553,Redmi K40 Gaming,redmi k40 gaming edition available ?,,
554,Mi Note 10,redmi note 10 oppo 6/128 ( International Global ) price ? ?,,
555,POCO M2,poco m2 oppo available,,
556,OnePlus 8T,oneplus 8t & 9r price please ?,,
557,Redmi K40,please bring redmi k40,,
558,Mi Note 10,redmi note 10 oppo mate ki official ta asbna ? ? !,,
559,POCO X3,poco x3 oppo 6/128 office price moto ?,,
560,Note 9,note 9 oppo available ?,,
561,Mi 11X,Mi 11x 8/128 price ?,,
562,ChaCha,iphone a problem chacha vaiya,,
563,Mi Note 10,redmi note 10 oppo official kobe ashte flare stock e vai . ?,,
564,Mi Note 10,redmi note 10 oppo 64 MP edition international global mate ki,,
565,POCO F3,poco f3 mate,,
566,iPhone XR,iphone xr 128gb ?,,
567,POCO X3,"poco x3 à¦à¦° à¦¡à¦¿à¦¸à¦ªà§à¦²à§‡ à¦ à¦¿à¦• à¦†à¦›à§‡ à¦¶à§à¦§à§ à¦Ÿà¦¾à¦š à¦¨à¦·à§à¦Ÿ à¦¹à¦‡à¦¸à§‡ , à¦ à¦¿à¦• à¦•à¦°à¦¾à¦¤à§‡ à¦•à¦¤ à¦–à¦°à¦š à¦ªà¦°à¦¬à§‡ ?",,
568,iPhone 11,iphone 11pro Golden available ?,,
569,OnePlus 8,oneplus 8pro price ?,,
570,iPhone X,iphone X Hobe nokia,,
571,Mi 10T,redmi mi 10t lite ache ki ?,,
572,iPhone 11,iphone 11 battery Percentage . ?,,
573,iPhone 7,iphone 7 plus battery helth moto ..,,
574,iPhone 8,i iphone 8 plus moto ?,,
575,iPhone 12,iphone 12 128 usa varient ?,,
576,iPhone 12,iphone 12 128 gb moto taka ? battery Percentage moto,,
577,iPhone XR,iphone xr Battery health ?,,
578,iPhone 11,iphone 11 dual mate ?,,
579,Axon M,11 oppo axon mate r axon price range modde mate ?,,
580,iPhone 8,i iphone 8 plus price play,,
581,iPhone XR,iphone xr available ?,,
582,iPhone XR,Can i exchange iphone 6s watch iphone xr ?,,
583,OnePlus 7,Exchange possible oneplus 7pro 5g 8/256,,
584,iPhone XS,iphone xs mate new available ... ?,,
585,iPhone 11,iphone 11 used price moto ? ? Box watch charger,,
586,iPhone X,iphone x unofficial moto palm,,
587,iPhone 11,I iphone 11 kobe asle paoya jabe ? aj apnara bollen stock ses,,
588,Mi Note 10,xiaomi redmi redmi note 10 oppo 8/128 price please .,,
589,Realme X2,realme X2 cn ( 8/256 ) apnader kache theke kinechilam ..,,
590,Mi Note 10,redmi note 10 global price,,
591,Palm,moto palm flare kno vai,,
592,Mi Note 10,redmi note 10 warp mate 6/128 sell korbomatro 5din hoice nici je,,
593,Mi Note 10,redmi note 10 oppo 108mp variant price moto,,
594,Mi Note 10,redmi note 10 oppo unofficial hobe indian ta,,
595,Realme 8,Vai realme 8 oppo warp price moto ?,,
596,Palm,dekh nord iphone er palm 1000 taka barche,,
597,Mi Note 10,redmi note 10 oppo er jei optimizing problem gula stylo segula ki thik hoise ?,,
598,Motion,Exchange er honor motion mate ?,,
599,Mi Note 10,official kkon tke poya vibe sir ? gift card dye official redmi note 10 oppo 108 mp note narzo sir ?,,
600,Mi Note 10,Is This redmi note 10 Pro ( 6/128 ) Official price ? ?,,
601,iPhone 8,"Can i exchange my iphone 8 plus ( usa product watch full box ) watch 11 oppo , how much i maven moto avid ?",,
602,Mi Note 10,"redmi note 10 ( 4,64 ) find . Global black honor Price ? ?",,
603,Score M,poco x2 exchange score mi 11 lite 8/128 note chacchilam ? ?,,
604,Mi Note 10,"à¦­à¦¾à¦‡à¦¯à¦¼à¦¾ , redmi note 10s 6/64 à¦•à¦¿ à¦¨à§‡à¦‡ à¦†à¦ªà¦¨à¦¾à¦¦à§‡à¦° à¦¶à¦ªà§‡ ?",,
605,Palm,Apple er palm ra,,
606,Galaxy A52,Vai galaxy a52 mate ?,,
607,POCO F3,poco f3 available play price ta bolen,,
608,OnePlus 9,oneplus 9 price nord available ache ki ?,,
609,OnePlus 9,"Vaia oneplus 9 oppo 8-256 price ta moto solce , r apnader racer moto mate paoa jasce ki ?",,
610,OnePlus 9,oneplus 9R price 8/128,,
611,iPhone 11,iphone 11 mate used ?,,
612,OnePlus 9,oneplus 9R,,
613,Mi Note 10,Samsung galaxy redmi note 10 price ?,,
614,Mi Note 10,redmi note 10 price play,,
615,iPhone 7,I iphone 7 plus mate,,
616,Redmi 9,redmi 9 ( global ) ta key2 axon play jabe set .,,
617,iPhone XR,iphone xr 128gb ki avilable bhaiya ?,,
618,Mi Note 10,Samsung redmi note 10+ prize,,
619,OnePlus 8,oneplus 8 oppo price .. ?,,
620,OnePlus 7T,oneplus 7t oppo Mclaren Edition 12/price256 duel sim,,
621,Mi 11 Lite,mi 11 lite price please,,
622,Mi Note 10,redmi note 10 oppo 6/128 price please,,
623,Mi Note 10,redmi note 10 oppo play 6/128,,
624,Mi Note 10,redmi note 10 oppo 6/128 price PLEASE,,
625,OnePlus 7T,oneplus 7t oppo Maclean Edison 12/256 duel sim price,,
626,Mi Note 10,redmi note 10 oppo 6/128,,
627,Mi Note 10,redmi note 10 oppo price Please,,
628,OnePlus 9,oneplus 9 price play,,
629,Palm,oneplus 9 8GB palm price ?,,
630,POCO F3,à¦­à¦¾à¦‡ poco f3 6/128 hobe ?,,
631,POCO X3,vai poco x3 oppo moto ?,,
632,iPhone 7,iphone 7-8 plus konota mate ?,,
633,OnePlus 8,oneplus 8 oppo price,,
634,Mi 10 Ultra,Mi 10 ultra vibe bhaiya ?,,
635,OnePlus 7,oneplus 7 128gb ?,,
636,OnePlus 8,viya oneplus 8 oppo ki mate,,
637,iPhone 7,iphone 7 silver edition ta aktu dakayen play,,
638,POCO M2,à¦­à¦¾à¦‡à¦¯à¦¼à¦¾ k20 oppo 6/128 à¦à¦° à¦¦à¦¾à¦® à¦Ÿà¦¾ à¦•à¦¿ à¦à¦•à¦Ÿà§ à¦•à¦®à¦¾à¦¨ à¦¯à¦¾à¦¯à¦¼ ? Exchange er à¦•à§à¦·à§‡à¦¤à§à¦°à§‡ exchange à¦•à¦°à¦¬à§‹ poco m2 officeal dia,,
639,Mi 10 Ultra,Mi 10 ultra ta hobe vaiya ? ?,,
640,iPhone 7,iphone 7,,
641,Note 9,note 9 oppo manage score deya jabe,,
642,iPhone 7,iphone 7 plus prices 128 gb piz,,
643,OnePlus 7,oneplus 7 ache ?,,
644,iPhone 7,iphone 7 plus prices piz,,
645,iPhone 6s,iphone 6s plsu 64 gb price play,,
646,Mi Note 10,redmi note 10 oppo mate vai ?,,
647,iPhone 8,iphone 8,,
648,Note 9,note 9 oppo,,
649,iPhone 7,iphone 7 plus prices,,
650,Realme 8,realme 8 / 8 oppo available,,
651,iPhone 7,iphone 7 plus prices,,
652,Galaxy S20,Vaiya samsung galaxy s20 ultra,,
653,iPhone 12,Vai iphone 12 128 gb price ta jodi bolten,,
654,POCO X3,Vai poco x3 oppo 8/128 moto,,
655,iPhone 7,iphone 7 plus++,,
656,OnePlus 7T,oneplus 7t,,
657,iPhone 7,iphone 7 plus,,
658,iPhone 11,iphone 11 fully feesh ?,,
659,Realme 8,Vai realme 7pro VS realme 8pro konta best ? ?,,
660,iPhone 7,I iphone 7 plus,,
661,iPhone 6s,Vaiya iphone 6s plus warp price ta janlam nah,,
662,Narzo 20,realme narzo 20 oppo nichilam .. Livewire theke .. Onk valo phab paichi ..,,
663,iPhone 7,I iphone 7 + à¦†à¦›à§‡,,
664,OnePlus 9,à¦­à¦¾à¦‡ oneplus 9 R à¦†à¦›à§‡,,
665,iPhone XS,Wbu the price iphone xs mate watch 87 plus BH,,
666,OnePlus 7T,oneplus 7t price moto,,
667,Mi Note 10,kico find nord samsung redmi note 10 plus nebo apnader teke,,
668,Mi Note 10 Lite,Samsung redmi note 10 lite er new offer ki,,
669,iPhone 11,Ajke ki iphone 11 oppo ache used,,
670,Mi Note 10 Lite,Samsung redmi note 10 lite er offer ki new,,
671,OnePlus 7T,oneplus 7t 6/128 unofficial price moto,,
672,OnePlus 7T,oneplus 7t er price moto,,
673,Mi 10 Ultra,Mi 10 ultra ta bolben bhaiya .,,
674,Mi Note 10,redmi note 10 aca,,
675,iPhone 12,i iphone 12 oppo mate ki honor ache vai,,
676,POCO X3,Vhiya poco x3 oppo ta price moto,,
677,iPhone 12,iphone 12 mate oppo mate ?,,
678,iPhone 6s,iphone 6s plus 64 gb price play,,
679,Mi Note 10 Lite,Vai apana der racer ki mi redmi note 10 lite asa .. ?,,
680,Mi Note 10,Vai camon Samsung redmi note 10 512gb tah moto porba,,
681,POCO X3,Vhaiya poco x3 oppo price ta moto,,
682,Mi Note,DaDa redmi note aca,,
683,POCO F3,poco F3 ache ?,,
684,Mi Note 10,xiaomi redmi redmi note 10 ( 6/128 ) gb price moto tk,,
685,Palm,5s ache palm parts ok phab cantry look hoi geche sell dea jabe,,
686,BlackBerry Key2,blackberry key2,,
687,OnePlus 8,oneplus 8 6/128,,
688,iPhone 7,iphone 7plus price moto,,
689,Galaxy S8,samsung galaxy s8 dekhte chai,,
690,iPhone 6s,Vaiya iphone 6s plus warp price ta janlam nah akhono,,
691,OnePlus 6,à¦­à¦¾à¦‡ oneplus 6 à¦•à¦¿à¦¨à¦¤à§‡ à¦šà¦¾à¦‡à¥¤,,
692,OnePlus 8,oneplus 8 oppo,,
693,Galaxy A7,Vaia Samsung galaxy A71 phab ta dekhan ....,,
694,iPhone X,I iphone x ?,,
695,Galaxy S8,samsung galaxy s8 available ?,,
696,iPhone 8,iphone 8 plus price moto bhai ?,,
697,iPhone 11,Vai iphone 11 new hobe ?,,
698,Mi Note 10,galaxy redmi note 10+,,
699,Mate 30,mate 30 oppo 5g,,
700,Mi Note 10,Bhai redmi note 10 4/128 International varient price moto ? ? ? ?,,
701,POCO M2,poco m2 oppo,,
702,Mi Note 10,Samsung redmi note 10+ ta dhkte chi,,
703,Galaxy A7,Samsung galaxy A71 phab ta dekhan vaia ..,,
704,POCO X3,poco x3 nfc available ?,,
705,OnePlus 7,oneplus 7 oppo ki available ?,,
706,OnePlus 7,oneplus 7pro 6 .. 128 . Used price ta janaben play ..,,
707,POCO X3,poco x3 oppo mate,,
708,Oppo Reno3,oppo reno3 oppo er price moto,,
709,iPhone 11,I iphone 11 exchange kora 12 kinta kmna prise hoba akto janaban plzzz,,
710,Oppo F1,Assalamu alaikum vaia amr kache oppo f15 mate exchange note cacchi samsung a71sathe kichu tk avid korbo ....,,
711,iPhone X,I iphone X price moto,,
712,POCO X3,poco x3 oppo r palm moto,,
713,Mi Note,redmi note 9 6/128 price ?,,
714,Palm,Vai Samsung fold iphone ta palm ta ki find price moto hobe . ?,,
715,iPhone X,I iphone x price moto,,
716,Oppo Reno3,oppo reno3 3 oppo à¦•à¦¤à§‹ à¦¦à¦¾à¦® à¦à¦–à¦¨,,
717,Narzo 20,narzo 20 ta play,,
718,iPhone 12,iphone 12 mate oppo moto ?,,
719,Mi Note 10,Samsung redmi note 10 hobe ?,,
720,POCO X3,poco x3 ta nebo,,
721,Vivo X60,vivo x60 Pro +,,
722,Mate S,Vai amr A51 iphone mate sell korbo ... 1bosor hoyni akno set warp,,
723,Realme 5i,realme 5i lagbe ...,,
724,POCO X3,à¦¬à¦¾à¦Ÿà¦ªà¦¾à¦° à¦¹à¦² poco X3 à¦®à¦¾à¦°à§à¦•à§‡à¦Ÿ à¦ªà§à¦°à¦¾à¦‡à¦¸ à§§à§®à§¦à§¦à§¦ à¦¹à¦¾à¦œà¦¾à¦° à¦Ÿà¦¾à¦•à¦¾,,
725,iPhone X,iphone x price ?,,
726,Mi Note,Vhai a redmi note 8 moto,,
727,POCO X3,Hirr ... poco x3 india mate 15000 e pawa jai,,
728,Mate S,"Mukhe dandabaji den ses , 100tk stream shoi dbo kina mate seta bolen .",,
729,Redmi 9 Power,redmi 9 power oppo play,,
730,Mi Note,Vai redmi note warp vivo v15 oppo . Modde konta vesi valo hove play replei,,
731,POCO X3,Haha disi poco x3 er palm shune,,
732,iPhone XR,iphone xr grand new price please,,
733,POCO X3,poco x3 palm 16500,,
734,Mate 9,Call mate 9330293992,,
735,Narzo 20,narzo 20 lagbe mate ki,,
736,iPhone 7,Vai i iphone 7 plus vivo,,
737,Realme 2,realme 21koto vai,,
738,Mi Note 10,redmi note 10 + price,,
739,iPhone 12 Pro,iphone 12 Pro 128 price ?,,
740,iPhone 12,IPHONE 12 PRICE ?,,
741,iPhone 12,iphone 12 oppo mate 24k Gold buy korar process ta ki bhai ? ?,,
742,iPhone SE 2,iphone SE 2020 available ?,,
743,iPhone 12,iphone 12 ultra price moto bro ?,,
744,Mi Note 10,redmi note 10 oppo mate official available ?,,
745,Palm,12pro mate 6 gb palm 128 rom how much .. ?,,
746,iPhone 12,I maven need iphone 12pro mate ( golden ),,
747,Mi Note 10,redmi note 10 oppo 108MP available ? ?,,
748,ChaCha,Credit card chacha ki redmi hobe ?,,
749,POCO F3,poco f3 ki available ?,,
750,OnePlus 8T,oneplus 8T à¦ªà§à¦°à¦¾à¦‡à¦¸ à¦•à¦¤ ? ?,,
751,Motion,"A visual representation of `` megh nova caitei bristy ! '' . From nova axon , I will think about this post find motion it whenever I need moto use that proverb .",,
752,OnePlus Nord,What 's the difference between oneplus nord N10 official find nova official ? The price is play different ! Can keyone answer ?,,
753,POCO F3,When poco f3 will vibe available ? ?,,
754,Vivo X60,Do you maven vivo x60 oppo plus available ? ? ? ?,,
755,Galaxy Note 20,galaxy note 20 ultra ki chinese nokia global ?,,
756,OnePlus 9,oneplus 9 oppo 8/256 official available ?,,
757,Mi Note 10,Is redmi note 10 oppo available ? If it is then buy it today,,
758,OnePlus 8,oneplus 8 oppo available ?,,
759,Mi Note 10,xiaomi redmi redmi note 10 ( 6+128 ) official pawya jabe ?,,
760,OnePlus 8T,oneplus 8t global r price moto ? indian r ta moto ?,,
761,Moto G20,Is moto g20 available ? find price ?,,
762,OnePlus 8,oneplus 8 dual sim nord single ?,,
763,OnePlus 7,oneplus 7 nord 7t available ?,,
764,OnePlus 9,oneplus 9 watch varient ?,,
765,iPhone 11,I iphone 11 oppo mate 256 gb price ?,,
766,Spark 3,Mi black spark 3 international ?,,
767,OnePlus 7T,oneplus 7T available ?,,
768,Mi Note 10,redmi note 10 plus price ?,,
769,POCO M3,poco M3 power black available ?,,
770,OnePlus Nord,oneplus nord 8/128 available ?,,
771,Mi Note 10,redmi note 10 oppo 6/64 108mp unofficial price ?,,
772,Mi Note 10,india r blade khulle redmi note 10 oppo mate unofficially er palm kormar honor somvobona mate ?,,
773,OnePlus Nord,oneplus nord n 10 is avilable ?,,
774,Redmi 9 Power,Xaiomi redmi 9 power,,
775,Mi Note,redmi note 8 moonlight blade available ?,,
776,Redmi K40,redmi k40 [ 6/128 ] â‡â‡â‡â‡ 34000TK chinese ?,,
777,OnePlus Nord,oneplus nord n10 available ?,,
778,OnePlus Nord,oneplus nord official ?,,
779,Mi Note 10,"redmi note 10 [ 4/64 ] ( Indian global ) à¦•à§Ÿà§‡à¦• à¦¦à¦¿à¦¨ à¦†à¦—à§‡à¦ “ à¦¦à§‡à¦–à¦²à¦¾à¦® 16,500 à¦†à¦° à¦à¦–à¦¨ à¦¦à§‡à¦–à¦¿ 17,000 à¦à¦Ÿà¦¾ à¦ˆà¦¦ à¦…à¦ « à¦¾à¦° à¦•à¦¿à¦­à¦¾à¦¬à§‡ à¦¹à§Ÿ ?",,
780,POCO F3,poco F3 8-128/ 8-256 kobe available hobe ?,,
781,iPhone 12,iphone 12 128 er daam 30k honor asha e boshe achi ...,,
782,POCO M2,POCO M2 mate find India/global nokia chinese ta ?,,
783,POCO M2,poco m2 oppo unofficial ta mate nokia er thakle price moto,,
784,OnePlus 8,Vai oneplus 8 international global nokia indian,,
785,Galaxy F62,"galaxy F62 dorkar , kobe available hobe ? R Iqoo 7 niye ascend . F3 er theke better iphone , avid kinte cai .",,
786,Redmi 9,redmi 9 unofficial ta hobe nova ?,,
787,Mi 11 Lite,Mi 11 lite EMI note caile ki note narzo ... ?,,
788,Mi Note,redmi note 9 oppo available ? find price ?,,
789,Galaxy A52,Samsung galaxy A52 available ? ? ?,,
790,Galaxy A32,Samsung galaxy A32 ki ki honor available ?,,
791,Redmi K40,redmi k40 mate ki ?,,
792,OnePlus Nord,oneplus nord 8/128 price moto,,
793,Mi Note 10,redmi note 10 plus ta moto ?,,
794,iPhone 11,I iphone 11 128 GB single ( USA ) nai ?,,
795,Mi Note 10,"redmi note 10 oppo 6/128 , Official available & Prize moto ?",,
796,POCO F3,poco f3 8/256 availabe mate ?,,
797,Mi Note 10,xiaomi redmi redmi note 10 Pro Max ? ?,,
798,Mi 11 Lite,Mi 11 lite 4g nokia 5g variant ? ?,,
799,POCO F3,poco F3 mate ?,,
800,Redmi K40,redmi k40 update price ?,,
801,POCO M3,poco M3 6/128 hobe ?,,
802,Redmi K40,Vai redmi k40 aca ?,,
803,Mi 11 Lite,Mi 11 lite eta ki 4g nova 5g ? ?,,
804,Mi Note 10,redmi note 10 oppo ( unf ) avaiable ? ?,,
805,POCO M2,poco m2 oppo unofficial available mate ?,,
806,Narzo 20,narzo 20 available ?,,
807,Mi Note,redmi note 8 à¦†à¦¾à¦›à§‡,,
808,POCO X3,poco x3 8-128 ache ?,,
809,Mi Note 10,xiaomi redmi redmi note 10 ( 6+128 ) official pawa jabe ?,,
810,Pixel 4a ,is pixel 4a available ? ? price ? ? might buy it today ...,,
811,Mi Note 10,redmi note 10 Pro ( Indian Variant ) 8GB/128GB available ? ?,,
812,Mi 11 Lite,Mi 11 lite 8/128 yellow colour ki hobea ?,,
813,POCO X3,poco x3 oppo 6/128 available ?,,
814,Mate S,Macbook Pro niye Apple ki Public er mate Sarcasm korse ? ? ?,,
815,Mi 11 Lite,Need mi 11 lite 5g,,
816,Mi Note 10,Vai redmi note 10 moto unofficial,,
817,Note 9,note 9 moto,,
818,Mi Note,redmi note 9 oppo 6gb sell note chai official warranty gadget find gear theke nova,,
819,iPhone X,iphone X price,,
820,Mate 30,Vaiya mate 30 oppo 5g ta lagbe amaze .,,
821,Mate 30,Vaiya mate 30 oppo 5g ta ku ache .. ?,,
822,Mate 30,Vaiya mate 30 oppo 5g iphone ta amaze lagbei .,,
823,OnePlus 7,Do you maven oneplus 7pro 6/128 ?,,
824,OnePlus 6,oneplus 6 lagbe jodi 6 nova thake tahole 7 lagbe . ?,,
825,Mate 30,"Vaiya , mate 30 oppo er price moto ?",,
826,Mate 30,mate 30 oppo offer price moto vaiya ?,,
827,iPhone XS,iphone xs used price moto ? ?,,
828,iPhone XS,iphone xs used price moto vaiya ?,,
829,Realme 8,Vai realme 7pro & realme 8pro konta best ? ?,,
830,Realme 8,Vai realme 7pro & realme 8pro konta best ? ?,,
831,KeyOne,Hello vai apnader Facebook page e daoya number e moto 3/4 ghontay onekbar call dilam key2 dhorlo nova ... eta keyone service honor vai,,
832,Vivo V20,vivo v20pro Akdhum fresh .Box Nai,,
833,Mi Note,redmi note 9pro price,,
834,Vivo X60,vivo X60 Pro Lagbe,,
835,Vivo X60,vivo X60 Pro ...,,
836,Vivo X60,Need vivo X60 Pro,,
837,Galaxy A51,galaxy A51,,
838,KeyOne,Apni keyone ascend vaiya,,
839,POCO X3,poco X3 sell,,
840,Pixel 4a ,Google pixel 4a 5g last à¦•à¦¤ à¦ªà¦°à§à¦¬à§‡ ?,,
841,Mi Note 10,Bhai redmi note 10 er price ta moto,,
842,Oppo Reno3,oppo reno3 5 price play !,,
843,iPhone 11,Vai Need iphone 11promax ?,,
844,POCO F3,poco F3 available ekhon ?,,
845,Oppo Reno,OPPO RENO NEW Price moto ?,,
846,OnePlus 7,oneplus 7 oppo mate vaiya,,
847,Oppo Reno3,Vai oppo reno3 5 new official price moto porbe ?,,
848,iPhone 7,iphone 7 silver edition ta vibe ? ?,,
849,Mi Note 10,samsung redmi note 10 play,,
850,OnePlus 6T,Vai oneplus 6t used ache,,
851,Mi Note 10,Samsung galaxy redmi note 10+ 12gb 256 GB moto tk,,
852,Pixel,Poxo x3 oppo pixel,,
853,Realme 6,Vai realme 6 used price moto ? ?,,
854,POCO F3,Vai poco f3 er prize moto ekn,,
855,Note 9,Samsung note 9 mate ?,,
856,KeyOne,"Hello vaia , keyone achen ?",,
857,Realme 7i,realme 7i,,
858,Realme 8,Vai realme 8 warp price ?,,
859,Realme X2,realme x2 ache ?,,
860,Note 9,Samsung note 9 stock a mate ?,,
861,iPhone 11,Need iphone 11pro mate price ?,,
862,Realme X2,realme X2 oppo price ? ?,,
863,Mi Note 10,redmi note 10 price,,
864,OnePlus 7T,oneplus 7t ki ache ?,,
865,Redmi S2,Vai redmi s2 price,,
866,Oppo F17,OPPO f17 asa ki ?,,
867,OnePlus 7T,oneplus 7t available bro ?,,
868,iPhone 11,vaiya iphone 11 slim box moto ?,,
869,Oppo F1,oppo f19 oppo When will the iphone vibe ?,,
870,iPhone 7,vaiya iphone 7 moto ? ?,,
871,Realme XT,realme xt price ta moto janaben bai,,
872,Realme 7 ,"Wearing nice check shirt today , any play realme 7 Could note find nord mate .",,
873,Pixel 4,Google pixel 4 XL 128 GB available ? ?,,
874,Realme XT,Bai realme xt amaze lagbo mate,,
875,POCO X3,poco x3 nfc,,
876,Oppo Reno3,oppo reno3 2z price,,
877,Pixel,Ami pixel mi ta nibo keyone,,
878,Vivo V20 ,Vai Ami vivo V20 oppo set ta cell kurty Chai .akhun fresh ktu maven price,,
879,ChaCha,chacha,,
880,POCO F3,poco f3 price moto ? ? ? ? ? ?,,
881,Vivo V15,Vai vivo v15pro price play,,
882,Pixel 4,Brother pixel 4 XL 128 GB available ? ?,,
883,Oppo Reno3,oppo reno3 2z full box price moto ?,,
884,iPhone XR,iphone xr mate ki,,
885,Oppo Reno3,kmn ascend vai oppo reno3 5 diye dekci,,
886,POCO X3,poco x3 nfc exchange note cassi,,
887,OnePlus 7T,oneplus 7t mate,,
888,iPhone XR,iphone xr er price moto,,
889,Realme 7i ,realme 7i mate ?,,
890,Realme 7i ,realme 7i mate vaiya,,
891,Mi Note 10,Remdi redmi note 10 price 6/128 price ?,,
892,Realme X2,realme x2 available ?,,
893,iPhone 12,Vaiya iphone 12 series hobe ?,,
894,OnePlus 8T,oneplus 8t price,,
895,Pixel 5,My need pixel 5 used iphone,,
896,Galaxy S21,Samsung galaxy s21 ultra,,
897,Mi Note,redmi note,,
898,Galaxy S9,Samsung galaxy S9+ purple lagto,,
899,Galaxy S10,galaxy S10 lite 8/512 Available ? ? ?,,
900,iPhone 8,iphone 8plus mate 256gb,,
901,POCO F3,poco f3 asa ki,,
902,KeyOne,Valo avid apni keyone asin,,
903,Palm,Bhia 17k-18k er moddhe best palm rounder gaming battery camera desire best iphone konta nile vivo phab ?,,
904,Note 8,M2 oppo moto vai.note 8 mate ki exchange kora jsbe,,
905,Mi 11X,Mi 11x er price moto ?,,
906,Realme 8,Vaiya oppo f17 oppo exchange score realme 8 oppo used ki note narzo ... ?,,
907,iPhone 11,iphone 11 oppo mate,,
908,Mi Note 10,1month use korsi REDMI NOTE 10 4/64 indian global . Kine chilam 17K diye ... axon sell dile moto phab ?,,
909,OnePlus 8,oneplus 8 oppo 12/256GB watch original charger sell korbo . Price moto phab ? razer nai Kuwait theke aseche .,,
910,Realme C3,realme c3 4/64 baa 3/32 hobe,,
911,POCO X3,poco x3 price,,
912,Realme 8,Vaiya oppo f17 oppo exchange score realme 8 Pro used mobile note narzo ki ..... ?,,
913,Realme C3,realme c3 mate 4/64 baa 3/32,,
914,Redmi 1,redmi 10 oppo kmn ? ?,,
915,Galaxy F62,Samsung galaxy f62 available,,
916,Note 8,M2 oppo moto price r note 8 mate exchange korle moto avid note hobe,,
917,KeyOne,Vhai keyone achen,,
918,Xiaomi Mi 11,xiaomi mi 11 ultra 12/512 available ? ? find price ? ?,,
919,Galaxy F62,galaxy F62 used iphone available ..,,
920,iPhone X,iphone X 64gb price moto,,
921,POCO X3,poco x3 oppo bolen,,
922,POCO X3,poco x3 oppo price ta bolen vaiya,,
923,Galaxy F62,Samsung galaxy f62 available mate ? ?,,
924,Pixel 4a ,pixel 4A vibe ki ?,,
925,Oppo Reno3,oppo reno3 5 second grand available ...,,
926,POCO X3,poco x3pro play a jabe,,
927,OnePlus Nord,oneplus nord n10 used price play,,
928,POCO X3,poco x3 oppo official international global er price moto ?,,
929,POCO X3,poco x3 ctg mate ki pawa jabe ?,,
930,KeyOne,", somporke bolun . Kun deshi , keyone ?",,
931,iPhone 12 Pro Max,ময়মনসিংহ কি শাখা আছে ? iphone 12 Pro Max 256 Pacific Blue price please ? Official find unofficial both price .,,
932,OnePlus 8,oneplus 8 oppo 12/256 gp sell korbo . Price moto phab ? razer nai Kuwait theke aseche .,,
933,POCO X3,poco x3 er price moto new find used ?,,
934,Realme 8,realme 8 Pro Price ..,,
935,iPhone 8,"iphone 8+ , xr price",,
936,Redmi K40,Vaiya redmi k40 kobe pawa jete flare ? ?,,
937,iPhone X,iphone x available ? ?,,
938,POCO F3,poco f3 price . ?,,
939,iPhone 8,iphone 8+ price,,
940,Mi Note,redmi note 9 64 gb without box daam moto porbe,,
941,Pixel 5,Google pixel 5 price,,
942,OnePlus 8T,bro oneplus 8t er price ta 8/128,,
943,Mi 11X,Mi 11x mate,,
944,iPhone 8,ভাই iphone 8+ acheee ? ? ?,,
945,POCO F3,poco f3 available ? ? ?,,
946,Pixel 4a ,I maven need Samsung a52/ pixel 4a grand new iphone .,,
947,iPhone 11,iphone 11 64 GB japan & USA inactive slim box er current price ?,,
948,iPhone 11,Apple iphone 11 used but fresh condition KTO viaya,,
949,OnePlus 8,oneplus 8 oppo mate ki vaia ? ? ?,,
950,iPhone 12,iphone 12 oppo earphone home delivery hobe sreepur gazipur,,
951,Mi Note,xiaomi redmi note 9 4/64 price moto ? ? ? Used,,
952,Galaxy A72,Samsung galaxy a72 8/256 price ?,,
953,Mi 11X,Mi 11x ultra ache ?,,
954,POCO M2,vaia poco m2 oppo 6/64 ta moto moto used ? ?,,
955,iPhone 12,iphone 12 oppo er realme earphone home delivery hobe Gazipur sreepur,,
956,Galaxy A52,Samsung galaxy a52 need,,
957,iPhone 12 Mini,iphone 12 mini ki hobe,,
958,POCO X3,poco x3 oppo lagbe amr,,
959,iPhone 12,I iphone 12 128 usa hobe used vai,,
960,Galaxy M62,Ki obostha vai galaxy M62 mate nokia ?,,
961,Galaxy A02,Hi galaxy A02 mate ?,,
962,Realme X2,realme x2 moto find use ?,,
963,Mi Note,redmi note 9 s ta lagbe 6 ) 128,,
964,Redmi 9,call dile bolen redmi 9 available nai unofficial abr list e diye rakhsen price 11999,,
965,iPhone XR,Home delivery charge camon ? Ekta iphone xr lagbe,,
966,ChaCha,note 10 6/128 note chacha,,
967,Mi 10 Ultra,Mi 10 ultra moto ? ? ?,,
968,Mi Note 10,redmi note 10 6/128 achy nh ?,,
969,Mi Note 10,redmi note 10 mate used hove ?,,
970,Note 9,note 9 oppo mate ki Full box ?,,
971,iPhone 11,"iphone 11 , 128 gb nei ?",,
972,Galaxy S21,galaxy S21 Ultra snapdragon edition racer ?,,
973,iPhone 11,Modaret condition mate ki iphone 11 er,,
974,iPhone 8,gusti chudi shawwar iphone er . iphone 8 er warranty den nai,,
975,iPhone X,iphone x 80+ bh find original charger vibe ?,,
976,Galaxy S21,galaxy S21 + official ইনট্যাক্ট নেই ?,,
977,iPhone 11,iphone 11 64 gb BH moto % ? Nite chai .,,
978,Galaxy S10,galaxy S10 redmi a daya jaba ... amaze kasa 25k asa,,
979,Oppo Reno3,oppo reno3 5 price moto vai . ?,,
980,iPhone X,vai iphone x mate used ?,,
981,iPhone 12,iphone 12 oppo 256gb moto porbe ?,,
982,iPhone 12,check this iphone 12 model & price,,
983,Mi Note 10,Need redmi note 10 Pro 6/128,,
984,Redmi K20,redmi K20 oppo stylo Available ?,,
985,Redmi 10X,redmi 10x 4g available ?,,
986,POCO X3,poco x3 oppo er palm moto,,
987,iPhone 7,iphone 7 plus er bh moto ?,,
988,10 Plus,samsung s10 plus watch box 34000 ? ?,,
989,iPhone 11,iphone 11 64 gb,,
990,iPhone 7,iphone 7 plus BH ?,,
991,Honor Play,honor play / huawei honor play play edition ta lagto,,
992,iPhone 7,iphone 7 plus warp battery health moto ?,,
993,iPhone 11,iphone 11 oppo mate .. avaiable nai ?,,
994,iPhone 11,iphone 11 watch box er mate ki box + charger + headphone ?,,
995,Mi Note,redmi note 8 128 gb moto ... ?,,
996,iPhone 12,iphone 12- 128gb warp battery health moto,,
997,Narzo 20,Need realme narzo 20,,
998,Mi Note,redmi note 7 pavo,,
999,iPhone 7,iphone 7 plus Offcial nake,,
1000,iPhone 7,iphone 7 plus er bettary health moto,,
1001,Mi Note,redmi note 9s available ?,,
1002,Huawei P30,huawei P30 oppo 40k mate,,
1003,Realme 7 ,realme 7 oppo is up nord sale,,
1004,iPhone 8,iphone 8 plus need,,
1005,Realme 5,realme 5 oppo price ki find,,
1006,Realme 8,realme 8 .,,
1007,Realme 2,realme 2 oppo ki full grand new ?,,
1008,Realme X2,realme x2 oppo redmi black edition er condition kmn ?,,
1009,Realme X2,realme X2 oppo,,
1010,Realme X2,Bhai realme X2pro ta ki ache ? 8/128 ... ?,,
1011,Realme X2,realme x2 oppo grand colour hobe . ?,,
1012,Realme 8,realme 8 available,,
1013,Realme 8,realme 8 inteck mate & prize,,
1014,Realme 7 ,realme 7 Pro available ? ? ?,,
1015,Realme 6i,realme 6i ( indian ) available ?,,
1016,Realme 8,realme 8 lagbe intek price,,
1017,Realme C11,realme c11 price ta sotik warp set ki originall,,
1018,Realme 8,realme 8 ta razer lagbe,,
1019,Realme 2,realme 25s ache ?,,
1020,Realme 8,realme 8 oppo ... ki honor ?,,
1021,Realme 6,realme 6 available ? ? ? ?,,
1022,Realme X,vai realme X,,
1023,Realme 2,R sylhet er shoeroom ee ki phab realme 2 oppo,,
1024,Realme GT,realme GT Nai ? ? ? ?,,
1025,Realme C17,realme c17 ta lagbe,,
1026,Realme C17,realme c17 last price moto r booking note moto dite hobe ...,,
1027,Realme 8,realme 8 oppo আছে ?,,
1028,Realme 5,Vaia realme 5 oppo lagbe amaze .. ?,,
1029,Realme 7 ,realme 7 oppo ... intact paoya jabe ? ? ?,,
1030,Realme 8,realme 8 oppo kotodin warrenty mate ?,,
1031,Realme 5,realme 5pro আনুমানিক কত দিন used হয়েছে ? ?,,
1032,Realme 5i,realme 5i available keyone ? ?,,
1033,Narzo 20,realme narzo 20 box dabe nova . Copy nova ki,,
1034,Realme 8,realme 8 used iphone tah ki colour ....,,
1035,Axon M,Prothom ta axon model re ... Middle e je,,
1036,Realme 8,realme 8 grand new model moto ?,,
1037,Realme C17,I need realme c17 if available let mate knw .. thnx,,
1038,Narzo 20,narzo 20 mate ... ?,,
1039,Realme C12,realme c12 lagbe amr ekta,,
1040,iPhone 11,iphone 11 128 gb price ? ? ?,,
1041,iPhone X,I iphone x 256 gb price ?,,
1042,iPhone XS,iphone xs 64GB price,,
1043,iPhone XR,iphone xr price range ... !,,
1044,iPhone 8,I iphone 8+ er white colour ta hobe ki ? ? ?,,
1045,iPhone XS,I iphone xs mate 256 gb gold honor price ?,,
1046,iPhone X,Apple i iphone x er Price moto,,
1047,iPhone X,iphone x 64 silver price moto ?,,
1048,iPhone X,iphone x available ?,,
1049,iPhone X,i iphone x 64gb warp price moto ? ? /,,
1050,iPhone XR,iphone XR er price ?,,
1051,iPhone XS,iphone xs gold 256 gb moto ?,,
1052,iPhone X,iphone x,,
1053,iPhone X,iphone x black 128 gb price,,
1054,iPhone X,iphone X ( 256gb ) price ? ? ?,,
1055,iPhone 7,bhai iphone 7 plus,,
1056,iPhone XS,iphone Xs mate 256gb price ? & xs mate 64gb price ? ? ?,,
1057,iPhone X,iphone x 64gb price ?,,
1058,iPhone XR,iphone Xr 128 gb price ? ?,,
1059,iPhone X,iphone X find XR 64gb price ?,,
1060,iPhone 8,iphone 8 plus price ?,,
1061,iPhone X,iphone X mate Price,,
1062,iPhone 6s,iphone 6s plus moto,,
1063,iPhone 11,iphone 11 128 gb price,,
1064,iPhone X,iphone X mate 256gold price,,
1065,iPhone 6s,iphone 6s price,,
1066,iPhone XR,iphone XR 256gb black price play,,
1067,iPhone X,iphone X 64gb,,
1068,iPhone XR,Apple iphone xr price,,
1069,iPhone XR,vai iphone xr er price moto,,
1070,iPhone X,iphone X price ? ? ?,,
1071,iPhone X,Vaiya iphone x -64 gb er price ta moto,,
1072,iPhone X,iphone X 256 GB price ?,,
1073,iPhone XS,iphone Xs mate 256,,
1074,iPhone X,iphone X er palm moto,,
1075,iPhone 7,iphone 7 plus 128 GB Price ?,,
1076,iPhone XR,iphone xr 64gb price ?,,
1077,iPhone 7,iphone 7 asa ?,,
1078,iPhone 6s,iphone 6s plus ?,,
1079,iPhone XR,iphone xr 64 price .... ? ?,,
1080,iPhone 8,iphone 8 plus 64gb price ?,,
1081,iPhone XR,iphone XR 64 gb price ?,,
1082,OnePlus 9,oneplus 9 এটা আমি কিনবো01799177349,,
1083,Mi Note,Ami redmi note nibo ki korbo,,
1084,Mi Note,Vy amr redmi note 8 lagbe,,
1085,Mi Note,Amar redmi note 8 lagbe,,
1086,Mi Note,redmi note 8 নেব মোবাঃ ০১৮৭২৯০৯৪৫১,,
1087,Mi Note,redmi note 8 coll mate 01924456080,,
1088,iPhone 11,iphone 11 oppo amr lagbo 01835430990,,
1089,Note 8,vai amaze note 8 095250,,
1090,iPhone 11,iphone 11 oppo লাগবে 01762403190,,
1091,iPhone 11 Pro,"iphone 11 Pro lagbe , call mate anytime 01317176262",,
1092,Mi Note,redmi note 8 লাগবে,,
1093,Mi Note,redmi note warp price 3099tk nova ki,,
1094,Mi Note,redmi note 9 lagba hmoe delivery charge moto,,
1095,Mi Note,Vaia amaze redmi note8lagbe,,
1096,Mi Note,redmi note 9 amaze dorkar,,
1097,Mi Note,vai redmi note 8 avid note chai ki vibe odar korbo play call mate 0181488614,,
1098,Redmi 8,redmi 8 lagbo amaze,,
1099,Mi Note,Amar redmi note 9 lagbe,,
1100,Mi Note,redmi note 8 কিনবে,,
1101,Mi Note,Amar redmi note 9 lagbe,,
1102,iPhone 11,amaze iphone 11 oppo lagve play call mate 01754888159,,
1103,Mi Note,redmi note 8 nebo 01314797849,,
1104,Mi Note,vaiya avid redmi note 9 nibo .. 01885742077 please call mate,,
1105,Mi Note,Amar redmi note 9 lagbe ok,,
1106,iPhone 11,iphone 11 oppo note chai,,
1107,Mi Note,Vai Amar redmi note 11 ultra lagbe moto palm,,
1108,Galaxy S10,Vai amaze galaxy s10 lagbe kivabe nibo,,
1109,Mi Note,redmi note 8 ta lagbe ? ?,,
1110,iPhone 11,iphone 11 lagbe bhaiya avid kibabe nibo please call mate 01772768783,,
1111,iPhone 11,iphone 11 oppo moto hole kena jabe,,
1112,Vivo V15,vivo V15 মুবাইল ফুন লাগবে,,
1113,Palm,palm 8 lagbe,,
1114,Mi Note,redmi note 9 nibo play coll 01617527182,,
1115,Mi Note 10,redmi note 10 nibo play coll,,
1116,OnePlus 9,avid oneplus 9 nibo,,
1117,Mi Note,redmi note এটা আমার লাগবে,,
1118,iPhone 12,Vhi amr iphone 12 lgbo,,
1119,Vivo V17,vivo v17 razer lagbe ki ba nibo cool mate,,
1120,Mi Note,"redmi note 9 1,500Tk",,
1121,Mi Note,Vi amaze redmi note 8 lagbe kivave ki korbo,,
1122,Mi Note,redmi note 9 lagbe,,
1123,Mi Note,redmi note 8নিমু,,
1124,iPhone 12,iphone 12 oppo mate,,
1125,Realme 5i,realme 5i cash avid korbo,,
1126,iPhone 6s,iphone 6s+,,
1127,Mi Note,xiaomi note 8,,
1128,POCO M3,Vai poco m3,,
1129,Mi Note,Exchange xiaomi note 8,,
1130,Mi Note,Sell post redmi note 9 oppo,,
1131,Mi Note,redmi note 9 prime 1 moto used vaia,,
1132,Mi Note,redmi note 7,,
1133,Mi Note,Exchange redmi note 9 oppo 4/64 full box,,
1134,Realme 6i,realme 6i,,
1135,Mi Note,redmi note 8 4/64 .... 4 moto use .,,
1136,Realme 3,realme 3pro full fresh,,
1137,Redmi 9,redmi 9 pawar 4/64,,
1138,iPhone 6s,iphone 6s+,,
1139,Mi Note,redmi note 8,,
1140,Mi Note,আমি redmi note nibo,,
1141,Mi Note,Ami redmi note 8 tempo,,
1142,10 Plus,nokia 10 plus lagbo,,
1143,Mi Note,Ami note chai .,,
1144,10 Plus,Vaia amaze nokia 10 plus,,
1145,Mi Note,AMR redmi note phoneta lagbe mate kokhon phab,,
1146,Galaxy S7,avid galaxy s7 ta nibo atar palm moto,,
1147,10 Plus,Amr nokia 10 plus ta lagbe,,
1148,10 Plus,avid nokia 10 plus nibo,,
1149,Palm,palm moto axon reno3,,
1150,Realme X,একটা realme x8 mobile কত টাকা,,
1151,Mi Note,আমি নিতে চাই কিভাবে নিবো redmi note 8,,
1152,iPhone X,iphone x3 nibo.kivabe note hobe,,
1153,Mi Note,Ami redmi note nibo,,
1154,Oppo F1,oppo F19 Pro এর দাম কত টাকা ?,,
1155,Mi Note,redmi note 9 Pro iphone er amount moto .,,
1156,Mi Note,avid redmi note 8 vibe,,
1157,Nokia 7,ভাই nokia 7 . 2 সেটের দাম কত টাকা হবে,,
1158,10 Plus,I need 1pc nokia 10 plus my number 01303939935,,
1159,10 Plus,nokia 10 plus note chai,,
1160,Nokia 1,avid note chi nokia 10plus,,
1161,10 Plus,ভাই এতো কম টাকায় এতো দামি ফোন সত্যি কি সম্ভব ! ! ! হলে আমি nokia 10 pluse টা নিতাম। ধন্যবাদ,,
1162,iPhone X,iphone x3 price moto,,
1163,10 Plus,Ami nokia 10 plus neta chai,,
1164,Oppo F1,oppo f19 oppo,,
1165,Mi Note,redmi note home delivery dao,,
1166,Mi Note,redmi note 8,,
1167,Nokia 7 Plus,nokia 7 Plus 2999,,
1168,Mi Note,Ami note cai,,
1169,Palm,realme k 40 . 12 gb palm price please,,
1170,Mi Note 10,xiaomi redmi note 10 available ? find eitar price moto ?,,
1171,Mi Note,redmi note 9 unofficial mate,,
1172,Mi Note,redmi note 9 oppo mate available ?,,
1173,Note 9,Redim note 9 oppo available ? ? ?,,
1174,POCO F3,Mi11x find poco f3 ki akdom same ?,,
1175,Mi Note 10,ভাই redmi note 10 ( 4GB/64GB ) PRICE ? ? ?,,
1176,Redmi 9 Power,"Bro avid order form fill up korchi , redmi 9 power 6/128 er jonno . amaze ki call deya hobe/",,
1177,Redmi 9,redmi 9 pawa jabe 4/64 15000,,
1178,POCO F3,poco f3 . 8+256 ... Ki BTRC database a mate apnader kase jeigula mate ... Amar lagbe jodi BTRC database blade a thake tahole nebo,,
1179,POCO X3,poco x3 ki available ?,,
1180,POCO X3,poco x3 oppo 8/256 unofficial price,,
1181,iPhone XS,I iphone xs mate apnader kase thakle Price ta bolben play ! !,,
1182,POCO X3,poco x3 oppo unofficial price moto axon ? ? ? ?,,
1183,Mi Note 10,realme 8 ভালো হবে নাকি redmi note 10s ভালো হবে ? দয়া করে জানাবেন।,,
1184,Mi Note 10,redmi note 10 Int moto ?,,
1185,iPhone 12,iphone 12 128gb USA,,
1186,Mi Note,redmi note 9 oppo 4/64 price,,
1187,POCO M3,POCO M3 6/128 & 4/128 PRICE KOTO UNOFFICIAL ?,,
1188,Mi Note,redmi note 9,,
1189,POCO X3,poco x3 oppo palm honor availbe ? 8/128,,
1190,POCO X3,poco x3 oppo 8/256 unofficial er price ta moto ?,,
1191,Mi Note 10,redmi note 10 oppo price moto,,
1192,Note 8,note 8 oppo price ? ? ?,,
1193,POCO X3,POCO X3 UNOFFICIAL PRICE KOTO ?,,
1194,Mi Note 10,redmi note 10 oppo mate hove .... unofficial 8/128,,
1195,Mi Note 10,xiaomi note 10 mate oppo etar price moto,,
1196,POCO X3,Vai poco x3 oppo indian global official price ?,,
1197,POCO M2,poco m2 oppo official price moto,,
1198,OnePlus Nord,oneplus nord ce 5g price ?,,
1199,Mi Note 10,redmi note 10 0fficial moto ? ? ?,,
1200,POCO X3 Pro,poco x3 Pro,,
1201,POCO F3,xiaomi poco F3,,
1202,Mi Note 10,redmi note 10 oppo mate hove .... unofficial 8/128,,
1203,Mi Note,redmi note 8 oppo price ? ? ?,,
1204,Galaxy S7,galaxy s7 edge woder note chai,,
1205,Mi Note 10,redmi note 10 moto hobi,,
1206,10 Plus,nokia 10 plus lagbokmne order kormo,,
1207,Mi Note,redmi note 8 . I need it,,
1208,Mate S,"Warranty ki mate se nokia , apnar office koi , branch koi ?",,
1209,Oppo F1,আমি oppo f19 oppo নিগে চাই,,
1210,iPhone 12,iphone 12pro ta ki paoya jabe,,
1211,Galaxy S7,galaxy S7 edge copy না কি ? আমার একটি সেট লাগবে।,,
1212,Nokia 7 Plus,nokia 7 plus warp iphone ta lagbe ...,,
1213,Palm,apple 12 e 12 gb palm warp quad camera bolse key2 apnare ? ?,,
1214,Palm,vivo palm note hobe,,
1215,10 Plus,nokia 10 plus নিতে চাই,,
1216,Note 8,Infinix note 8i ki bazaree available ache ? ? ? Naki market out ....,,
1217,Note 8,Infinix note 8i mate key2 droid 11+xos 7.6 update ashbe ?,,
1218,Redmi K40,Waiting nord redmi k40 6/128,,
1219,Mi Note,redmi note 6/128 ( 21999 ) note oppo ( 23500 ) what is different between 2,,
1220,Palm,Samsung A52 palm colours available ?,,
1221,POCO X3,POCO X3 Indian available ? ?,,
1222,iPhone 12 Mini,iphone 12 mini watch country ? iphone SE2 available ?,,
1223,POCO X3,poco x3 oppo 6/128 international global price Please,,
1224,Realme 8,realme 8 oppo note available ?,,
1225,Redmi K40,redmi k40 white honor available ? ?,,
1226,Mi 11 Lite,Mi 11 lite ... is it 5G .... ? ? ?,,
1227,Mi Note,redmi note 9 oppo ( 4/64 ) available mate ... ? ? ?,,
1228,Realme 8,realme 8 oppo official available ?,,
1229,Redmi 9 Power,redmi 9 power indian global 6/128 moto forbo,,
1230,Mi Note 10,redmi note 10 oppo price ?,,
1231,POCO X3,poco X3 available ?,,
1232,Pixel 4a ,"In Google pixel 4A , Which variant you flare selling ?",,
1233,iPhone 12 Pro Max,iphone 12 Pro Max 256GB Dual ( Active ) ki available ?,,
1234,Realme C2,realme C25 available ?,,
1235,Mi 10T,Mi 10t oppo 5G price ?,,
1236,Mi Note,xiaomi note 9 oppo 4/64 price ?,,
1237,Axon Pro,redmi 10x chinese version e axon processor ?,,
1238,Mate 8,"note 10 oppo mate 8GB/128GB available ? If nova , Is there any possibility ? Do u maven any EMI facility ?",,
1239,Mi Note 10,redmi note 10 Pro ( Int Global ) Official ta ki available ?,,
1240,POCO M2,poco m2 oppo ( 6/64 ) ki mate prise moto,,
1241,Redmi 10X,redmi 10x ki available ? ?,,
1242,Note 9,note 9 oppo mate ki powya jabe,,
1243,Mi 11 Lite,mi 11 lite price moto,,
1244,Redmi 10X,redmi 10X white honor ( 4/128 ) Factory Intact Sealed Box 14K hole 1 poco order korar ecche cilo ...,,
1245,Mi Note 10,kalka kokhon shop oipen thakba ? ? redmi note 10 oppo available ? ? ?,,
1246,POCO M2,Vai POCO M2 oppo kobe available ?,,
1247,Mi 10 Lite,Mi 10 lite ki ascend vai,,
1248,Moto E ,note plus 7t ki nexus moto e available hobe ?,,
1249,Palm,K40 warp palm ki komar chance asa ? ?,,
1250,Redmi 9,ভাই redmi 9 unofficial হবে ? হলে দামটা জানাবেন প্লিজ।,,
1251,Mi Note 10,redmi note 10 4/64 price ki ekhono 16500tkai ?,,
1252,Director,redmi K40Pro mate playstore & YouTube director cholbe ?,,
1253,POCO M2,poco m2 er jnno 18w er fast charger ki available ? r price moto ?,,
1254,Mi Note 10,vai redmi note 10 oppo 6/128 hoba ? & price moto . janaben play .,,
1255,Realme 8,realme 8 warp price moto ?,,
1256,Mi 11 Lite,Mi 11 lite ki 5g ?,,
1257,Mi Note 10,redmi note 10 oppo official hobe ki,,
1258,Mi Note 10,redmi note 10 oppo international 6/128 warp price moto ? play janaben,,
1259,Redmi K20,redmi k20 6/128 price ? Kew janle comment score janan,,
1260,POCO F3,vai poco f3 mate ? ?,,
1261,Mi 11X,mi 11x kobe anben,,
1262,Redmi K30,redmi k30 6/128 aca apneder kasa ?,,
1263,POCO X3,poco x3 oppo 6/128 international ta nai ? ? ?,,
1264,POCO X3,poco x3 oppo 6/128 international global price please ? ?,,
1265,POCO X3,poco X3 oppo unofficial moto 6:128 gb,,
1266,Redmi K40,redmi k40 8-128 variant available ?,,
1267,POCO X3,poco X3 NFC Indian/,,
1268,iPhone 12,iphone 12 purple coloure mate ki,,
1269,POCO X3,poco x3 nfc 6/128 available ?,,
1270,Pixel 4a ,want moto exchange my s9+ single sim European variant 128 gb watch ur pixel 4a 128 gb . if i exchange how much cash would vibe avid ? ?,,
1271,Realme 8,realme 8 Is it available ? Price ?,,
1272,Palm,One Plus nord n10 5g [ 6/128 ] palm moto dichen 23500 taka . Ei iphone ta ki vibe nibo apndee kache theka amaze basa moto shirajgong a,,
1273,Note 9,note 9 oppo 6 gb variant nord M2 oppo unofficial abar available hobe koba ?,,
1274,iPhone 11,"Why we pick you when others giving iphone 11 usa axon 64,500 taka watch 100 % authentic find inactive ?",,
1275,Mate 40,"HUAWEI mate 40 oppo Is it possible ! If possible , price please .",,
1276,Mi Note 10,redmi note 10 oppo 64mp note available ? ?,,
1277,Mi Note 10,redmi note 10 oppo international price please 6/128,,
1278,Realme 8,realme 8 oppo mate official,,
1279,Redmi K40,redmi K40 8 256 available,,
1280,Pixel 4a ,pixel 4a palm koman,,
1281,Galaxy S20 FE,Samsung galaxy S20 fe 4g snapdragon varrient ta ki available vibe ? find hole price ?,,
1282,Mate 40,Batpar gula note plus 9r jakhane 8t thake price kom india mate 40 hajar rupees er niche . R warp sata 52000 bania dise ...,,
1283,OnePlus 8,Vai grand new oneplus 8 oppo ( 12/256 ) patuakhali mate shunderban curiyar shoho moto tk porbe ...,,
1284,Vivo X60,vivo x60 oppo moto taka,,
1285,OnePlus 8,oneplus 8 oppo 12/256 blade note chai vai ..,,
1286,OnePlus 8,Vai avid koyekbar phab deyechi but apnader network busy ashe ..... avid oneplus 8 oppo nibo ajk,,
1287,OnePlus 8,Vhai oneplus 8 4G bujhlamna !,,
1288,iPhone 11,iphone 11 128gb japan eita ki active nokia inactive ?,,
1289,Mi Note,redmi note 9s diye note plus 8T nova possible ?,,
1290,Mi 11X,Mi 11x oppo anar play ache ?,,
1291,Realme 7 ,realme 7 6/64 price ?,,
1292,POCO M2,poco m2 oppo ki official,,
1293,POCO X3,vai poco x3 6/128 official moto palm ? ?,,
1294,iPhone 12,Vai iphone 12 oppo mate dual sim moto hobe ? ?,,
1295,POCO M2 Reloaded,poco m2 reloaded iphone er price,,
1296,iPhone 12 Mini,iphone 12 mini .. find er ag porjonto available hobe ?,,
1297,POCO M2,poco m2 oppo 6/64 available ?,,
1298,Galaxy S20,Samsung galaxy s20 plus er price moto,,
1299,Galaxy A52,"Samsung galaxy A52 এর দাম দিয়ে রেখেছেন , কিন্তু আপনাদের শপ এ ফোন দিলাম বোল্লেন নাই ! !",,
1300,iPhone 12,iphone 12 . Pro mate ki 112k ekhn intact usa 256 gb version ? ?,,
1301,Mi Note 10,Vai apnader kase ki redmi note 10pro mate available ? ?,,
1302,KeyOne,xs mate kinte chai price keyone ekhon,,
1303,Mi Note 10,redmi note 10 4/64 স্টকে এভেইলাবল ? ? ১৬৫০০ বাজেটে আর কি কি বিকল্প আছে ?,,
1304,POCO M2,"Bhai , poco M2 Pro 6/64 er price moto ? axon colour ta available ? ? ?",,
1305,iPhone XS,iphone xs er price kmn ?,,
1306,Realme X3,realme x3 superzoom ?,,
1307,Oppo A92,oppo A92 sell kora jabe ?,,
1308,iPhone XR,iphone xr moto ?,,
1309,Mi Note,redmi note 9 oppo ki official ?,,
1310,iPhone 12,iphone 12 . 128 GP USA version,,
1311,OnePlus 7 Pro,oneplus 7 Pro Price ? ? ?,,
1312,Mi 11 Lite,Mi 11 lite 5g maven,,
1313,iPhone SE,Used iphone sell koren ? ? ? ?,,
1314,Redmi K40,redmi k40 oppo available ?,,
1315,POCO X3,poco x3 ( find ) ta kI 20k vibe nova ?,,
1316,POCO F3,poco f3 available ?,,
1317,7T Pro,One Plus 7T Pro 12/256 Available ? ?,,
1318,Pixel 4a ,"Google pixel 4a , is it Indian nord global ? ? ?",,
1319,POCO M3,poco M3 6/128Gb variant ki anben ?,,
1320,OnePlus 7T,oneplus 7t hobe vai ?,,
1321,Mate 8,evaly mate 8 8/128 32990 tk offer dice ..,,
1322,iPhone 12,Interested find purchasing iphone 12 oppo mate,,
1323,Galaxy Note,"I want moto sell Samsung galaxy Note10+ , Exynos , - 12GB+256GB , purchase feb,19,2021 . Bsundhara city . GM Petrobangla , 01711762932 everything provided cash tempo imei matching box cover etc",,
1324,iPhone 12,iphone 12 oppo mate 256 gb ( used ) moto score .. ?,,
1325,Realme C21,realme c21 ১৩ এপ্রিল এ কিনছি। এটা এক্সচেঞ্জ করা যাবে কি ?,,
1326,iPhone XR,One plus 6T full box exchange note chaytesi iphone xr er mate ? ? ?,,
1327,OnePlus 7T,oneplus 7t mate used .. ?,,
1328,Realme C17,key2 ikto janaben realme c17 warp price bortoman a moto ? ? janale onek bhalo moto,,
1329,Galaxy M02,Samsung galaxy M02s Price moto,,
1330,POCO X3,poco x3 officials 6 128 needed,,
1331,Mi Note,ভাইয়া redmi note 9 এভেল এভেল হবে ? প্রাইস কত পড়বে ?,,
1332,POCO X3,poco x3 ki official ?,,
1333,Honor 10 Lite,Huwaei honor 10 lite new nord used ? & available find watch branch ?,,
1334,iPhone 11,55k warp moddhe i iphone 11 128 gb dual ta hhobe black ?,,
1335,OnePlus 8,Pre owned oneplus 8 moto ?,,
1336,POCO X3,poco x3 global nokia indian ?,,
1337,Realme Q3,realme Q3 oppo ki anaia dawa jaba,,
1338,POCO X3,poco x3 8/128 official mate ki akhun warp price ta moto,,
1339,Realme 6,realme 6 vibe ? ? ?,,
1340,OnePlus Nord,oneplus nord price ?,,
1341,iPhone 7,আচ্ছা ভাইয়া xiaomi redmi note 10 oppo @ iphone 7+ কোনটা ভালো হবে,,
1342,Palm,oneplus 7pro use warp palm moto,,
1343,Narzo 20,realme narzo 20pro used iphone er price moto ?,,
1344,Mi 11 Lite,8+128gb Mi note 10 oppo mate poco x2 oppo Mi 11 lite 3 ta iphone best flare Price 25 e asle akta chance nebo .,,
1345,Vivo V20 ,vivo v20 white available ? ? ? Price please,,
1346,Galaxy S21,galaxy s21 plus unofficial nai ?,,
1347,iPhone 11,Is unofficial iphone 11 inactive ?,,
1348,Redmi K40,. Does redmi k40 oppo maven google services ?,,
1349,POCO M2,poco m2 6/64 unofficial available ?,,
1350,iPhone XR,iphone xr/11 ( 128gb ) unofficial ki paoya jabe ? ? r paoya gele price ta kmn porbe ? ? piash vai janayen,,
1351,Mi 11 Lite,Mi 11 lite 5g kobe asbe .. ?,,
1352,Nubia Red Magic 6,When ZTE nubia Red magic 6 oppo will vibe available ?,,
1353,Galaxy A52,Samsung galaxy a52 এর ডিসপ্লের দাম কতো হতে পারে ?,,
1354,Mi 11 Lite,Mi 11 lite 4G nord 5G ? 256gb available ?,,
1355,Mi 11 Lite,ইভ্যালির গিফট কার্ড দিয়ে কি Mi 11 lite কেনা যাবে ?,,
1356,POCO M2,poco M2 13500 jeta oita ki EMI possible,,
1357,Mi 10T,Mi 10T oppo 5g ki available ? Hole price moto ?,,
1358,Galaxy S20 FE,Samsung galaxy S20 FE er ki colour mate ?,,
1359,Realme C2,apnader kache ki realme C2s iphone mate chacha nokia ?,,
1360,Realme 5i,"realme 5i এর ডিসপ্লে ভেঙ্গে গেছে , আপনাদের কাছে কি এর ডিসপ্লে পাওয়া যাবে ?",,
1361,Mi 11 Lite,Mi 11 lite 8/128 black ta ki official iphone ?,,
1362,Mi Note,redmi Note10 Pro ( 6/128 ) & redmi Note10 Pro Max ( 6/128 ) কি সোমবার সকালে বসুন্ধরা মার্কেট শো রুমে পাওয়া যাবে ?,,
1363,Mi Note 10,redmi note 10 4/64 International Global available ? ? ?,,
1364,Palm,Kno discount moto dure kotha online price thake o basi palm .,,
1365,POCO X3,poco x3 oppo 8/128 price moto ?,,
1366,POCO X3,Camera Qualityr jonno poco x3 vs Samsung F41 konta better hobe ?,,
1367,Realme 8,realme 8 eta ki available ? find price ?,,
1368,Redmi K40,redmi k40/Redmi k40 oppo er price ki rokom note flare ?,,
1369,OnePlus 7,oneplus 7 oppo available nai ?,,
1370,Narzo 20,realme narzo 20 price moto ?,,
1371,Mi Note,redmi note 9 unofficial ki available of palm honor,,
1372,Mi Note 10,redmi note 10 oppo black hobe ? ? ?,,
1373,POCO X3,poco X3 oppo ( 8/256 ) note chacha .. EMI somporke ektu details bolben play ?,,
1374,POCO X3,poco x3 ( 6/128 ) International hobe ?,,
1375,Pixel 4a ,pixel 4a 5g white hobe ?,,
1376,Redmi K20,redmi k20 oppo ki warp stock a ana hobe ?,,
1377,iPhone 11,iphone 11 128GB ... black ta kobe asbe ? ?,,
1378,Redmi K30,redmi k30 oppo available ?,,
1379,OnePlus 7T,oneplus 7t ki stock a asbe abr ?,,
1380,OnePlus 8,oneplus 8 Official ? ? ?,,
1381,POCO X3,poco x3 oppo 8/256 unofficial ache ?,,
1382,Pixel 4a ,pixel 4a 5g watch variants,,
1383,Redmi K30 Ultra,redmi k30 ultra available ?,,