,Developer,Model,Release date
0,Asus,PadFone,2012/06
1,Asus,PadFone 2,2012/10
2,Asus,PadFone Infinity,2013/04
3,Asus,PadFone Infinity 2,2013/10
4,Asus,PadFone mini,2013/12
5,Asus,PadFone E,2014/01
6,Asus,PadFone Infinity Lite,2014/02
7,Asus,ZenFone 5 (2014),2014/04
8,Asus,ZenFone 4 (2014),2014/05
9,Asus,ZenFone 6 (2014),2014/05
10,Asus,PadFone S/X,2014/06
11,Asus,ZenFone 4.5 (2014),2014/07
12,Asus,ZenFone 5 (2014),2014/07
13,Asus,PadFone X mini,2014/10
14,Asus,Pegasus (X002),2014/12
15,Asus,ZenFone 5 (2015),2015/01
16,Asus,ZenFone 2,2015/03
17,Asus,ZenFone 3,2016/08
18,Asus,ZenFone 4,2017/10
19,Asus,ZenFone Max Plus M1,2017/11
20,Asus,ZenFone Max M1,2018/05
21,Asus,ZenFone Max Pro M1,2018/05
22,Asus,ZenFone 5,2018/05
23,Asus,ZenFone Live L1,2018/05
24,Asus,ZenFone Lite L1,2018/10
25,Asus,ZenFone Max M2,2018/12
26,Asus,ZenFone Max Pro M2,2018/12
27,Asus,ZenFone Max Shot,2019/03
28,Asus,ZenFone Max Plus M2,2019/03
29,Asus,ZenFone Live L2,2019/05
30,Asus,ZenFone 6,2019/05
31,Asus,ROG Phone II,2019/09
32,Asus,ROG Phone 3,2020/08
33,Asus,ZenFone 7,2020/09
34,Asus,ROG Phone 5,2021/03
35,Asus,ZenFone 8,2021/05
36,BlackBerry,Priv,2015/11
37,BlackBerry,DTEK50,2016/08
38,BlackBerry,DTEK60,2016/10
39,BlackBerry,Aurora,2017/03
40,BlackBerry,KeyOne,2017/04
41,BlackBerry,Motion,2017/12
42,BlackBerry,Key2,2018/06
43,BlackBerry,Evolve/X,2018/08
44,BlackBerry,Key2 LE,2018/10
45,Cherry Mobile,Flare S8 Deluxe,2019/07
46,Cherry Mobile,Flare S8 Pro,2019/07
47,Cherry Mobile,Flare S8 Plus,2019/07
48,Cherry Mobile,Flare S8 Lite,2019/07
49,Essential Products,Essential PH-1,2017/08
50,HTC,Dream,2008/09
51,HTC,Magic,2009/05
52,HTC,Hero,2009/07
53,HTC,Tattoo,2009/09
54,HTC,Desire,2010/02
55,HTC,Legend,2010/03
56,HTC,Droid Incredible,2010/04
57,HTC,Wildfire,2010/05
58,HTC,Aria,2010/06
59,HTC,Evo 4G,2010/06
60,HTC,Evo 4G+,2010/06
61,HTC,Desire HD,2010/10
62,HTC,Desire Z,2010/11
63,HTC,Gratia,2010/11
64,HTC,Evo Shift 4G,2011/01
65,HTC,Inspire 4G,2011/02
66,HTC,Incredible S,2011/02
67,HTC,ThunderBolt,2011/03
68,HTC,Desire S,2011/03
69,HTC,Merge,2011/04
70,HTC,Sensation,2011/05
71,HTC,Wildfire S,2011/05
72,HTC,ChaCha,2011/06
73,HTC,Salsa,2011/06
74,HTC,Evo 3D,2011/07
75,HTC,Amaze 4G,2011/10
76,HTC,Explorer,2011/10
77,HTC,Sensation XE,2011/10
78,HTC,Rhyme,2011/10
79,HTC,Raider 4G,2011/10
80,HTC,Evo Design 4G,2011/10
81,HTC,Sensation XL,2011/11
82,HTC,Rezound,2011/11
83,HTC,One S,2012/04
84,HTC,One V,2012/04
85,HTC,One X/XL,2012/05
86,HTC,Evo 4G LTE,2012/05
87,HTC,One S C2,2012/06
88,HTC,Desire C,2012/06
89,HTC,Desire V,2012/06
90,HTC,Droid Incredible 4G LTE,2012/07
91,HTC,Desire VC,2012/07
92,HTC,Desire XC,2012/07
93,HTC,One XC,2012/08
94,HTC,HTC J,2012/08
95,HTC,Desire VT,2012/08
96,HTC,Desire X,2012/10
97,HTC,One VX,2012/10
98,HTC,One X+,2012/11
99,HTC,Desire SV,2012/11
100,HTC,Desire 400,2012/12
101,HTC,One SV,2013/01
102,HTC,Butterfly,2013/01
103,HTC,One (M7),2013/03
104,HTC,First,2013/04
105,HTC,Desire L/P/Q,2013/04
106,HTC,Desire U,2013/06
107,HTC,Desire 600,2013/06
108,HTC,Desire 200,2013/07
109,HTC,Butterfly S,2013/07
110,HTC,One Mini,2013/08
111,HTC,Desire 500,2013/09
112,HTC,One Max,2013/10
113,HTC,Desire 601,2013/10
114,HTC,Desire 300,2013/12
115,HTC,Desire 601 dual sim,2013/12
116,HTC,Desire 700,2014/01
117,HTC,Desire 501,2014/02
118,HTC,Desire 816,2014/03
119,HTC,One (M8),2014/03
120,HTC,Desire 310,2014/04
121,HTC,Desire 610,2014/03
122,HTC,Desire 816 dual sim,2014/05
123,HTC,One Mini 2,2014/05
124,HTC,Desire 210,2014/06
125,HTC,Desire 616,2014/06
126,HTC,One (E8),2014/06
127,HTC,Desire 516,2014/06
128,HTC,One Remix,2014/07
129,HTC,Butterfly 2,2014/09
130,HTC,Desire 510,2014/09
131,HTC,Desire 820q,2014/10
132,HTC,Desire 612,2014/10
133,HTC,One (M8 Eye),2014/10
134,HTC,Desire 816G,2014/10
135,HTC,Desire 820,2014/11
136,HTC,Desire Eye,2014/11
137,HTC,Desire 620/G,2014/12
138,HTC,Desire 320,2015/01
139,HTC,Desire 526G+,2015/01
140,HTC,Desire 826,2015/03
141,HTC,Desire 626,2015/03
142,HTC,Desire 820s,2015/03
143,HTC,Desire 626G+,2015/04
144,HTC,One M9,2015/03
145,HTC,One E9/+,2015/05
146,HTC,One M8s,2015/05
147,HTC,One M9+,2015/05
148,HTC,Desire 326G,2015/06
149,HTC,Desire 820G+,2015/06
150,HTC,One ME,2015/07
151,HTC,Desire 626s,2015/07
152,HTC,Desire 526,2015/08
153,HTC,Desire 626 (USA),2015/08
154,HTC,One M9+ Supreme Camera Edition,2015/10
155,HTC,Butterfly 3,2015/10
156,HTC,One E9s,2015/10
157,HTC,One A9,2015/10
158,HTC,Desire 520,2015/11
159,HTC,Desire 728,2015/11
160,HTC,Desire 828,2015/11
161,HTC,One M9s,2015/11
162,HTC,One X9,2016/01
163,HTC,Desire 530,2016/03
164,HTC,Desire 825,2016/04
165,HTC,HTC 10,2016/04
166,HTC,Desire 830,2016/05
167,HTC,One M9 Prime Camera,2016/05
168,HTC,Desire 630,2016/06
169,HTC,10 Lifestyle,2016/06
170,HTC,One S9,2016/06
171,HTC,Desire 628,2016/06
172,HTC,Desire 625,2016/08
173,HTC,Desire 10 Lifestyle,2016/09
174,HTC,Desire 728 Ultra,2016/12
175,HTC,One A9s,2016/11
176,HTC,10 evo,2016/11
177,HTC,Desire 10 Pro,2016/12
178,HTC,Desire 650,2016/12
179,HTC,U Play,2017/02
180,HTC,U Ultra,2017/02
181,HTC,HTC U11,2017/06
182,HTC,One X10,2017/07
183,HTC,U11+/Life,2017/11
184,HTC,U11 EYEs,2018/01
185,HTC,U12+,2018/06
186,HTC,U12 life,2018/08
187,HTC,Desire 12/12+,2018/09
188,HTC,Exodus 1,2018/12
189,HTC,Desire 12s,2018/12
190,HTC,Desire 19+,2019/06
191,HTC,U19e,2019/06
192,HTC,Wildfire X,2019/08
193,HTC,Exodus 1s,2019/10
194,HTC,Desire 19s,2019/11
195,HTC,Wildfire R70,2020/02
196,HTC,Desire 20 Pro,2020/06
197,HTC,Wildfire E2,2020/08
198,HTC,U20 5G,2020/10
199,HTC,Desire 20+,2020/10
200,HTC,Desire 21 Pro,2021/01
201,HTC,Wildfire E3,2021/05
202,Huawei,Honor U8860,2011/09
203,Huawei,Honor 2,2012/10
204,Huawei,Honor 3,2013/08
205,Huawei,Honor 3C,2013/12
206,Huawei,Honor 3X,2013/12
207,Huawei,Honor 3X Pro,2014/05
208,Huawei,Honor 3C 4G,2014/06
209,Huawei,Honor 6,2014/08
210,Huawei,Honor 3C Play,2014/09
211,Huawei,Honor 4 Play,2014/09
212,Huawei,Honor Holly,2014/10
213,Huawei,Honor 4X,2014/10
214,Huawei,Honor 6 Plus,2014/12
215,Huawei,Honor 4C,2015/04
216,Huawei,Honor Bee,2015/05
217,Huawei,Honor 7,2015/07
218,Huawei,Honor 7i,2015/08
219,Huawei,Honor 5X,2015/11
220,Huawei,Honor Holly 2 Plus,2016/01
221,Huawei,Honor 5c,2016/04
222,Huawei,Honor V8,2016/05
223,Huawei,Honor 5A,2016/06
224,Huawei,Honor 8,2016/07
225,Huawei,Honor Note 8,2016/08
226,Huawei,Honor Holly 3,2016/07
227,Huawei,Honor 6X,2016/10
228,Huawei,Honor Magic,2016/12
229,Huawei,Honor 8 Pro,2017/04
230,Huawei,Honor 6A,2017/05
231,Huawei,Honor 9,2017/07
232,Huawei,Honor 6C Pro,2017/10
233,Huawei,Honor 7X,2017/12
234,Huawei,Honor V10,2017/12
235,Huawei,Honor 9 Lite,2017/12
236,Huawei,Honor 7A,2018/04
237,Huawei,Honor 7C,2018/05
238,Huawei,Honor 10,2018/05
239,Huawei,Honor 7S,2018/05
240,Huawei,Honor 9N,2018/07
241,Huawei,Honor Play,2018/08
242,Huawei,Honor Note 10,2018/08
243,Huawei,Honor 8X/Max,2018/09
244,Huawei,Honor 8C,2018/10
245,Huawei,Honor Magic 2/3D,2018/08
246,Huawei,Honor 10 Lite,2018/11
247,Huawei,Honor V20,2018/12
248,Huawei,Honor Play 8A,2019/01
249,Huawei,Honor 8A Pro,2019/04
250,Huawei,Honor 20 lite,2019/05
251,Huawei,Honor 20i,2019/05
252,Huawei,Honor 20,2019/06
253,Huawei,Honor 20 Pro,2019/07
254,Huawei,Honor 9X (China),2019/07
255,Huawei,Honor 9X Pro,2019/07
256,Huawei,Honor Play 3/3e,2019/09
257,Huawei,Honor 20S,2019/09
258,Huawei,Honor 20 lite (China),2019/10
259,Huawei,Honor 9X,2019/10
260,Huawei,Honor V30/30 Pro,2019/11
261,Huawei,Honor 8A Prime,2020/03
262,Huawei,Honor Play 9A,2020/03
263,Huawei,Honor 30S,2020/03
264,Huawei,Honor Play 4T/Pro,2020/04
265,Huawei,Honor 8A 2020,2020/04
266,Huawei,Honor 20e,2020/04
267,Huawei,Honor 30/Pro/Pro+,2020/04
268,Huawei,Honor 9X Lite,2020/04
269,Huawei,Honor 9C/9S/9A,2020/04
270,Huawei,Honor X10,2020/05
271,Huawei,Honor 8S 2020,2020/05
272,Huawei,Honor Play4/Pro,2020/06
273,Huawei,Honor 30 Lite,2020/07
274,Huawei,Honor X10 Max,2020/07
275,Huawei,Honor 30i,2020/09
276,Huawei,Honor 10X Lite,2020/10
277,Honor,Honor V40,2021/01
278,Honor,V40 Lite,2021/03
279,Honor,Play 5T Youth,2021/04
280,Honor,Play 20,2021/05
281,Huawei,U8230,2010/03
282,Huawei,U8100,2010/07
283,Huawei,IDEOS,2010/09
284,Huawei,IDEOS X5,2011/04
285,Huawei,Sonic,2011/07
286,Huawei,Ascend P1,2012/07
287,Huawei,STREAM X GL07S,2013/02
288,Huawei,Ascend Mate,2013/03
289,Huawei,Ascend P2,2013/04
290,Huawei,Ascend P6,2013/06
291,Huawei,Ascend Mate 2 4G,2014/01
292,Huawei,Ascend P7,2014/06
293,Huawei,Ascend Mate 7,2014/10
294,Huawei,Huawei P8,2015/04
295,Huawei,Mate S,2015/10
296,Huawei,Mate 8,2015/11
297,Huawei,Huawei P9,2016/04
298,Huawei,Nova/Plus,2016/10
299,Huawei,Mate 9,2016/12
300,Huawei,Huawei P10,2017/02
301,Huawei,Nova 2/Plus,2017/06
302,Huawei,Mate 10 Lite,2017/11
303,Huawei,Mate 10,2017/11
304,Huawei,Huawei P20,2018/03
305,Huawei,Nova 3i/P Smart+,2018/07
306,Huawei,Nova 3,2018/08
307,Huawei,Mate 20,2018/11
308,Huawei,Nova 4,2018/12
309,Huawei,Nova 4e,2019/03
310,Huawei,Huawei P30,2019/03
311,Huawei,P30 lite,2019/04
312,Huawei,Nova 5/5i/Pro,2019/06
313,Huawei,Nova 5i Pro,2019/07
314,Huawei,Nova 5T,2019/09
315,Huawei,Mate 30,2019/09
316,Huawei,Nova 5z,2019/11
317,Huawei,Nova 6/5G/SE,2019/12
318,Huawei,Huawei Y7p,2020/02
319,Huawei,Nova 7i,2020/02
320,Huawei,P40 lite,2020/03
321,Huawei,P40 lite E,2020/03
322,Huawei,Huawei P40,2020/04
323,Huawei,Nova 7/Pro/SE,2020/04
324,Huawei,P40 lite 5G,2020/05
325,Huawei,Nova 7 SE 5G Youth,2020/10
326,Huawei,Mate 40,2020/11
327,Huawei,Nova 8 SE,2020/11
328,Huawei,Nova 8/Pro,2020/12
329,Huawei,Mate X2,2021/02
330,Huawei,Nova 8 Pro 4G,2021/05
331,Lenovo,P780,2013/06
332,Lenovo,Vibe Z,2013/11
333,Lenovo,A526,2014/06
334,Lenovo,Vibe Z2 Pro,2014/08
335,Lenovo,Vibe Z2,2014/09
336,Lenovo,ZUK Z1,2015/08
337,Lenovo,Vibe P1,2015/09
338,Lenovo,Vibe K4 Note,2016/01
339,Lenovo,K5 Note,2016/01
340,Lenovo,Vibe P1 Turbo,2016/02
341,Lenovo,Vibe K5/Plus,2016/02
342,Lenovo,ZUK Z2,2016/05
343,Lenovo,Phab 2/Plus/Pro,2016/06
344,Lenovo,K6/Power/Note,2016/09
345,Lenovo,Lenovo P2,2016/09
346,Lenovo,Z2 Plus,2017/01
347,Lenovo,Legion Pro,2020/07
348,Lenovo,Legion Duel,2020/10
349,Lenovo,Legion 2 Pro,2021/04
350,Lenovo,Legion Duel 2,2021/05
351,LG,GW620,2009/11
352,LG,Optimus Q,2010/05
353,LG,Optimus,2010/06
354,LG,Optimus One,2010/10
355,LG,Optimus Chic,2010/11
356,LG,Optimus 2X,2011/02
357,LG,Optimus Black,2011/05
358,LG,Optimus 3D,2011/07
359,LG,Optimus Slider,2011/10
360,LG,Optimus LTE (LU6200),2012/01
361,LG,Optimus 4X HD,2012/06
362,LG,Optimus LTE (SU640),2012/08
363,LG,Optimus L9,2012/11
364,LG,Optimus Vu,2012/11
365,LG,Optimus G,2013/01
366,LG,LG G2,2013/09
367,LG,G Flex,2013/11
368,LG,G Pro Lite,2013/11
369,LG,LG Gx,2014/01
370,LG,G2 Mini,2014/04
371,LG,G Pro 2,2014/04
372,LG,LG G3,2014/05
373,LG,G3 Stylus,2014/10
374,LG,G Flex 2,2015/02
375,LG,LG G4,2015/04
376,LG,LG V10,2015/10
377,LG,K10 (2016),2016/01
378,LG,LG G5,2016/04
379,LG,LG V20,2016/10
380,LG,K10 (2017),2017/02
381,LG,LG G6,2017/05
382,LG,LG V30,2017/10
383,LG,G7 ThinQ,2018/05
384,LG,V35 ThinQ,2018/06
385,LG,K10 (2018),2018/06
386,LG,V40 ThinQ,2018/10
387,LG,G8 ThinQ,2019/04
388,LG,V50 ThinQ,2019/05
389,LG,Stylo 5,2019/06
390,LG,W10/W30,2019/07
391,LG,W30 Pro,2019/10
392,LG,W10 Alpha,2020/02
393,LG,LG Q51,2020/02
394,LG,V60 ThinQ,2020/03
395,LG,Velvet,2020/05
396,LG,Stylo 6,2020/05
397,LG,LG Q61,2020/05
398,LG,LG K31,2020/08
399,LG,Q92 5G,2020/08
400,LG,LG K22,2020/09
401,LG,K42/K71,2020/09
402,LG,LG Q31,2020/09
403,LG,Wing,2020/10
404,LG,LG Q52,2020/10
405,LG,K52/K62,2020/11
406,LG,K92 5G,2020/11
407,LG,W31/+,2020/12
408,LG,W41/+/Pro,2021/03
409,Marshall Amplification,Marshall London,2015
410,Meizu,Meizu M9,2011/01
411,Meizu,Meizu MX,2011/12
412,Meizu,MX 4-core,2012/06
413,Meizu,Meizu MX2,2012/11
414,Meizu,Meizu MX3,2013/09
415,Meizu,Meizu MX4,2014/09
416,Meizu,MX4 Pro,2014/10
417,Meizu,M1/1 Note,2015/01
418,Meizu,M2 Note,2015/06
419,Meizu,Meizu MX5,2015/06
420,Meizu,Meizu M2,2015/07
421,Meizu,PRO 5,2015/09
422,Meizu,M1 Metal,2015/10
423,Meizu,MX5e,2016/04
424,Meizu,M3 Note,2016/04
425,Meizu,PRO 6,2016/04
426,Meizu,Meizu M3,2016/04
427,Meizu,Meizu M3s,2016/06
428,Meizu,Meizu MX6,2016/07
429,Meizu,Meizu M3E,2016/08
430,Meizu,U10/20,2016/08
431,Meizu,M3 Max,2016/09
432,Meizu,Meizu M5,2016/10
433,Meizu,PRO 6s,2016/11
434,Meizu,Meizu M3x,2016/11
435,Meizu,PRO 6 Plus,2016/11
436,Meizu,M5 Note,2016/12
437,Meizu,Meizu M5s,2017/02
438,Meizu,Meizu E2,2017/04
439,Meizu,Meizu M5c,2017/05
440,Meizu,PRO 7/Plus,2017/07
441,Meizu,M6 Note,2017/08
442,Meizu,Meizu M6,2017/09
443,Meizu,Meizu M6s,2018/01
444,Meizu,Meizu E3,2018/03
445,Meizu,15/Pro/Lite,2018/04
446,Meizu,Meizu M8c,2018/05
447,Meizu,Meizu M6T,2018/05
448,Meizu,16th/Plus,2018/08
449,Meizu,Meizu 16X,2018/09
450,Meizu,V8/Pro,2018/09
451,Meizu,Meizu X8,2018/09
452,Meizu,Note 8,2018/10
453,Meizu,C9/Pro,2018/12
454,Meizu,Note 9,2019/03
455,Meizu,Meizu M10,2019/09
456,Meizu,Meizu 16s,2019/04
457,Meizu,16Xs,2019/05
458,Meizu,16s Pro,2019/08
459,Meizu,Meizu 16T,2019/10
460,Meizu,17/Pro,2020/05
461,Meizu,18/Pro,2021/03
462,Motorola,Cliq,2009/10
463,Motorola,Droid,2009/11
464,Motorola,Backflip,2010/03
465,Motorola,Flipout,2010/06
466,Motorola,Droid X,2010/07
467,Motorola,Charm,2010/08
468,Motorola,Droid 2,2010/08
469,Motorola,Defy,2010/10
470,Motorola,Droid Pro,2010/11
471,Motorola,Atrix 4G,2011/02
472,Motorola,Droid 3,2011/07
473,Motorola,Droid Bionic,2011/09
474,Motorola,Atrix 2,2011/10
475,Motorola,Droid Razr,2011/11
476,Motorola,Droid 4,2012/02
477,Motorola,Atrix HD,2012/07
478,Motorola,Photon Q,2012/08
479,Motorola,Droid Razr M,2012/09
480,Motorola,Droid Razr HD,2012/10
481,Motorola,Droid Maxx,2013/08
482,Motorola,Droid Mini,2013/08
483,Motorola,Moto X (1st generation),2013/08
484,Motorola,Moto G (1st generation),2013/11
485,Motorola,Moto E (1st generation),2014/05
486,Motorola,Moto G (2nd generation),2014/09
487,Motorola,Moto X (2nd generation),2014/09
488,Motorola,Droid Turbo,2014/10
489,Motorola,Moto E (2nd generation),2015/02
490,Motorola,Moto G (3rd generation),2015/07
491,Motorola,Moto X Play,2015/07
492,Motorola,Moto X Style,2015/09
493,Motorola,Moto G4,2016/05
494,Motorola,Moto E3,2016/07
495,Motorola,Moto Z,2016/09
496,Motorola,Moto Z Play,2016/09
497,Motorola,Moto G5,2017/03
498,Motorola,Moto C,2017/05
499,Motorola,Moto E4,2017/06
500,Motorola,Moto Z2 Play,2017/06
501,Motorola,Moto Z2 Force,2017/08
502,Motorola,Moto X4,2017/09
503,Motorola,Moto E5,2018/05
504,Motorola,Moto G6,2018/05
505,Motorola,Moto Z3 Play,2018/06
506,Motorola,Moto Z3,2018/08
507,Motorola,One/One Power,2018/10
508,Motorola,Moto G7,2019/03
509,Motorola,One Vision,2019/06
510,Motorola,Moto Z4,2019/06
511,Motorola,One Zoom,2019/09
512,Motorola,Moto G8 Plus,2019/10
513,Motorola,One Macro,2019/10
514,Motorola,One Action,2019/10
515,Motorola,Razr (4G),2019/11
516,Motorola,One Hyper,2020/01
517,Motorola,Moto G8 Power,2020/02
518,Motorola,Moto G Power/Stylus,2020/02
519,Motorola,Moto G8,2020/03
520,Motorola,Moto E6s ,2020/03
521,Motorola,Moto G8 Power Lite,2020/04
522,Motorola,Edge/Edge+,2020/05
523,Motorola,Moto G Pro,2020/05
524,Motorola,Moto E ,2020/06
525,Motorola,Moto G Fast,2020/06
526,Motorola,One Fusion+,2020/06
527,Motorola,One Fusion,2020/07
528,Motorola,Moto G 5G Plus,2020/07
529,Motorola,Moto G9 Play,2020/08
530,Motorola,Moto G9 Plus,2020/09
531,Motorola,Moto E7 Plus,2020/09
532,Motorola,Razr (5G),2020/09
533,Motorola,Moto G9 Power,2020/12
534,Motorola,Moto G 5G,2020/12
535,Motorola,Moto E7,2020/12
536,Motorola,Moto G Play ,2021/01
537,Motorola,Moto G Power ,2021/01
538,Motorola,Moto G Stylus ,2021/01
539,Motorola,Moto E6i,2021/02
540,Motorola,Moto E7 Power,2021/02
541,Motorola,Moto G10,2021/03
542,Motorola,Moto G30,2021/03
543,Motorola,Moto G10 Power,2021/03
544,Motorola,Moto G50,2021/04
545,Motorola,Moto G100,2021/04
546,Motorola,Moto G60,2021/04
547,Motorola,Moto G40 Fusion,2021/05
548,Motorola,Moto G20,2021/05
549,Nextbit,Robin,2016/02
550,HTC/Google,Nexus One,2010/01
551,Samsung Electronics/Google,Nexus S,2010/12
552,Samsung Electronics/Google,Galaxy Nexus,2011/11
553,LG Electronics/Google,Nexus 4,2012/11
554,LG Electronics/Google,Nexus 5,2013/10
555,Motorola Mobility/Google,Nexus 6,2014/11
556,LG Electronics/Google,Nexus 5X,2015/09
557,Huawei/Google,Nexus 6P,2015/09
558,Nokia,Nokia X,2014/02
559,Microsoft Mobile,Nokia XL,2014/05
560,Microsoft Mobile,Nokia X2,2014/06
561,HMD,Nokia 6,2017/01
562,HMD,Nokia 3,2017/06
563,HMD,Nokia 5,2017/07
564,HMD,Nokia 7,2017/10
565,HMD,Nokia 8,2017/10
566,HMD,Nokia 2,2017/11
567,HMD,Nokia 7 Plus,2018/03
568,HMD,Nokia 1,2018/04
569,HMD,Nokia 6.1,2018/04
570,HMD,Nokia 8 Sirocco,2018/04
571,HMD,Nokia 3.1,2018/05
572,HMD,Nokia 5.1 Plus,2018/07
573,HMD,Nokia 2.1,2018/08
574,HMD,Nokia 5.1,2018/08
575,HMD,Nokia 6.1 Plus,2018/08
576,HMD,Nokia 3.1 Plus,2018/10
577,HMD,Nokia 7.1,2018/10
578,HMD,Nokia 8.1,2018/12
579,HMD,Nokia 9 PureView,2019/02
580,HMD,Nokia 1 Plus,2019/03
581,HMD,Nokia 4.2,2019/04
582,HMD,Nokia 3.2,2019/05
583,HMD,Nokia 2.2,2019/06
584,HMD,Nokia 6.2,2019/09
585,HMD,Nokia 7.2,2019/09
586,HMD,Nokia 2.3,2019/12
587,HMD,Nokia C1,2019/12
588,HMD,Nokia C2,2020/03
589,HMD,Nokia 1.3,2020/04
590,HMD,Nokia 5.3,2020/04
591,HMD,Nokia C2 Tava,2020/05
592,HMD,Nokia C5 Endi,2020/06
593,HMD,Nokia C2 Tennen,2020/06
594,HMD,Nokia C3,2020/08
595,HMD,Nokia 2.4,2020/09
596,HMD,Nokia 3.4,2020/10
597,HMD,Nokia C1 Plus,2020/12
598,HMD,Nokia 5.4,2021/01
599,HMD,Nokia 1.4,2021/02
600,HMD,Nokia C20/G10,2021/04
601,HMD,Nokia G20/X20,2021/05
602,HMD,Nokia C10/X10,2021/06
603,ZTE,Nubia Z5,2012/12
604,ZTE,Nubia Z5S,2013/12
605,ZTE,Nubia Z5S mini NX403A,2013/12
606,ZTE,Nubia X6,2014/03
607,ZTE,Nubia Z7/Max/mini,2014/07
608,ZTE,Nubia Z5S mini NX405H,2014/08
609,ZTE,Nubia Z9 Max,2015/04
610,ZTE,Nubia Z9 mini,2015/04
611,ZTE,Nubia Z9,2015/05
612,ZTE,Nubia My Prague,2015/06
613,ZTE,Nubia Prague S,2016/01
614,ZTE,Nubia Z11 mini,2016/04
615,ZTE,Nubia Z11 Max,2016/06
616,ZTE,Nubia Z11,2016/06
617,ZTE,Nubia N1,2016/07
618,ZTE,Nubia Z11 mini S,2016/10
619,ZTE,Nubia M2/lite,2017/03
620,ZTE,Nubia N2,2017/03
621,ZTE,Nubia N1 lite,2017/04
622,ZTE,Nubia Z17 mini,2017/04
623,ZTE,Nubia Z17,2017/06
624,ZTE,Nubia Z17 lite,2017/08
625,ZTE,Nubia Z17 miniS,2017/10
626,ZTE,Nubia Z17s,2017/10
627,ZTE,Nubia N3,2018/03
628,ZTE,Nubia V18,2018/03
629,ZTE,Nubia Z18 mini,2018/04
630,ZTE,Nubia Red Magic,2018/04
631,ZTE,Nubia Z18,2018/09
632,ZTE,Nubia X,2018/11
633,ZTE,Nubia Red Magic Mars,2018/12
634,ZTE,Nubia Red Magic 3,2019/05
635,ZTE,Nubia Z20,2019/08
636,ZTE,Nubia Red Magic 3s,2019/09
637,ZTE,Nubia Red Magic 5G,2020/03
638,ZTE,Nubia Play,2020/06
639,ZTE,Nubia Red Magic 5G Lite,2020/06
640,ZTE,Nubia Red Magic 5S,2020/08
641,ZTE,Nubia Red Magic 6/Pro,2021/03
642,OnePlus,OnePlus One,2014/04
643,OnePlus,OnePlus 2,2015/07
644,OnePlus,OnePlus X,2015/10
645,OnePlus,OnePlus 3,2016/06
646,OnePlus,OnePlus 3T,2016/11
647,OnePlus,OnePlus 5,2017/06
648,OnePlus,OnePlus 5T,2017/11
649,OnePlus,OnePlus 6,2018/04
650,OnePlus,OnePlus 6T,2018/11
651,OnePlus,OnePlus 7,2019/05
652,OnePlus,7 Pro,2019/05
653,OnePlus,OnePlus 7T,2019/10
654,OnePlus,7T Pro,2019/10
655,OnePlus,OnePlus 8,2020/04
656,OnePlus,8 Pro,2020/04
657,OnePlus,Nord,2020/08
658,OnePlus,OnePlus 8T,2020/10
659,OnePlus,Nord N10 5G,2020/11
660,OnePlus,Nord N100,2020/11
661,OnePlus,OnePlus 9,2021/03
662,OnePlus,9 Pro,2021/03
663,Oppo,Find,2012/06
664,Oppo,Find 5,2012/12
665,Oppo,Oppo N1,2013/12
666,Oppo,Find 5 Mini,2014/01
667,Oppo,Oppo Neo,2014/02
668,Oppo,Find 7/7a,2014/03
669,Oppo,Oppo Joy,2014/02
670,Oppo,N1 mini,2014/08
671,Oppo,Neo 3/5,2014/08
672,Oppo,Oppo N3,2014/10
673,Oppo,Joy Plus,2015/08
674,Oppo,Neo 5s,2015/05
675,Oppo,Oppo R7,2015/05
676,Oppo,Neo 5 (2015),2015/08
677,Oppo,Joy 3,2015/08
678,Oppo,Neo 7,2015/10
679,Oppo,Oppo F1,2016/01
680,Oppo,Oppo R11,2017/06
681,Oppo,Oppo F7,2018/04
682,Oppo,R15 Pro,2018/04
683,Oppo,Find X,2018/07
684,Oppo,Oppo F9,2018/08
685,Oppo,Oppo R17,2018/09
686,Oppo,Reno,2019/04
687,Oppo,Reno2,2019/09
688,Oppo,A9 ,2019/09
689,Oppo,Reno3 5G/Pro 5G,2019/12
690,Oppo,Reno3 Pro,2020/03
691,Oppo,Find X2/Pro,2020/03
692,Oppo,Reno3,2020/03
693,Oppo,Ace2,2020/04
694,Oppo,Oppo A12,2020/04
695,Oppo,Oppo A52,2020/04
696,Oppo,A72/A92s,2020/04
697,Oppo,Find X2 Lite/Neo,2020/05
698,Oppo,Oppo A92,2020/05
699,Oppo,Reno4 5G/Pro 5G,2020/06
700,Oppo,A12s,2020/07
701,Oppo,A72 5G,2020/07
702,Oppo,Reno4/Pro,2020/08
703,Oppo,F17/Pro,2020/09
704,Oppo,Reno4 SE,2020/09
705,Oppo,Reno4 Lite,2020/09
706,Oppo,Reno4 Z 5G,2020/10
707,Oppo,A93/Reno4 F,2020/10
708,Oppo,Oppo A73,2020/11
709,Oppo,A73 5G,2020/11
710,Oppo,Reno5 5G/Pro 5G/Pro+ 5G,2021/01
711,Oppo,Reno5,2021/01
712,Oppo,Find X3/Pro,2021/03
713,Oppo,Find X3 Neo/Lite,2021/03
714,"Palm, Inc.",Palm,2018/10
715,Panasonic,P100,2018/02
716,Google,Pixel/XL,2016/10
717,Google,Pixel 2/XL,2017/10
718,Google,Pixel 3/XL,2018/10
719,Google,Pixel 3a/XL,2019/03
720,Google,Pixel 4/XL,2019/10
721,Google,Pixel 4a,2020/08
722,Google,Pixel 4a (5G),2020/11
723,Google,Pixel 5,2020/10
724,Razer Inc.,Razer Phone,2017/11
725,Razer Inc.,Razer Phone 2,2018/10
726,Realme,Realme 1,2018/05
727,Realme,Realme 2,2018/09
728,Realme,Realme C1,2018/10
729,Realme,2 Pro,2018/10
730,Realme,Realme U1,2018/12
731,Realme,Realme 3,2019/03
732,Realme,Realme C2,2019/05
733,Realme,3 Pro,2019/05
734,Realme,Realme X,2019/07
735,Realme,Realme 3i,2019/07
736,Realme,Realme 5,2019/08
737,Realme,5 Pro,2019/09
738,Realme,Realme XT,2019/09
739,Realme,Realme X2,2019/09
740,Realme,X2 Pro,2019/10
741,Realme,Realme 5i,2020/01
742,Realme,Realme X50,2020/01
743,Realme,Realme C3,2020/02
744,Realme,X50 Pro,2020/03
745,Realme,Realme 6,2020/03
746,Realme,6 Pro,2020/03
747,Realme,Realme 6i,2020/03
748,Realme,X50 Pro Player,2020/06
749,Realme,X3 SuperZoom,2020/06
750,Realme,Narzo,2020/06
751,Realme,Realme C3i,2020/06
752,Realme,Realme X3,2020/06
753,Realme,Realme C11,2020/06
754,Realme,Realme C15,2020/07
755,Realme,Realme V5,2020/08
756,Realme,Realme C12,2020/08
757,Realme,Realme V3,2020/09
758,Realme,X7/Pro,2020/09
759,Realme,7 (Asia)/Pro,2020/09
760,Realme,Realme 7i,2020/09
761,Realme,Realme C17,2020/09
762,Realme,Narzo 20/Pro/20A,2020/09
763,Realme,7 (Global),2020/10
764,Realme,Q2/Pro/2i,2020/10
765,Realme,7 5G,2020/11
766,Realme,7i (Global),2020/12
767,Realme,Realme V15,2021/01
768,Realme,Realme C20,2021/01
769,Realme,X7 (India),2021/02
770,Realme,Realme V11,2021/02
771,Realme,Narzo 30 Pro/30A,2020/03
772,Realme,Realme C21,2021/03
773,Realme,Realme GT,2021/03
774,Realme,Realme C15,2021/03
775,Realme,8/Pro,2021/03
776,Realme,Realme V13,2021/04
777,Realme,GT Neo,2021/04
778,Realme,X7 Pro Ultra,2021/04
779,Realme,8 5G,2021/04
780,Realme,Q3/Pro/3i,2021/04
781,Xiaomi,Redmi 1,2013/08
782,Xiaomi,Redmi 1S,2014/02
783,Xiaomi,Redmi Note (3G),2014/03
784,Xiaomi,Redmi Note 4G,2014/08
785,Xiaomi,Redmi Note Prime,2014/12
786,Xiaomi,Redmi 2,2015/01
787,Xiaomi,Redmi 2A,2015/04
788,Xiaomi,Redmi 2 Prime,2015/08
789,Xiaomi,Redmi Note 2,2015/08
790,Xiaomi,Redmi 2 Pro,2015/10
791,Xiaomi,Redmi Note 3 (MTK),2015/11
792,Xiaomi,Redmi 3,2016/01
793,Xiaomi,Redmi Note 3/Pro,2016/03
794,Xiaomi,Redmi 3 Pro,2016/04
795,Xiaomi,Redmi 3S,2016/06
796,Xiaomi,Redmi 3X,2016/07
797,Xiaomi,Redmi 3S Prime,2016/08
798,Xiaomi,Redmi Pro,2016/08
799,Xiaomi,Redmi Note 4 (MTK),2016/08
800,Xiaomi,Redmi 4/Pro/Prime,2016/08
801,Xiaomi,Redmi 4A,2016/11
802,Xiaomi,Redmi Note 4/4X,2017/01
803,Xiaomi,Redmi 4X,2017/02
804,Xiaomi,Redmi Note 5A/Prime,2017/09
805,Xiaomi,Redmi 5A,2017/10
806,Xiaomi,Redmi 5/5 Plus,2017/12
807,Xiaomi,Redmi Note 5 Pro,2018/02
808,Xiaomi,Redmi Note 5,2018/03
809,Xiaomi,Redmi S2/Y2,2018/05
810,Xiaomi,Redmi 6/6A/6 Pro,2018/06
811,Xiaomi,Redmi Note 6 Pro,2018/10
812,Xiaomi,Redmi Note 7,2019/02
813,Xiaomi,Redmi Go,2019/02
814,Xiaomi,Redmi Note 7 Pro,2019/03
815,Xiaomi,Redmi 7,2019/03
816,Xiaomi,Redmi Y3,2019/04
817,Xiaomi,Redmi 7A,2019/05
818,Xiaomi,Redmi K20/Pro,2019/06
819,Xiaomi,Redmi Note 8/Pro,2019/09
820,Xiaomi,Redmi 8A,2019/09
821,Xiaomi,Redmi 8,2019/10
822,Xiaomi,Redmi Note 8T,2019/11
823,Xiaomi,Redmi K30/5G,2019/12
824,Xiaomi,Redmi 8A Dual,2020/02
825,Xiaomi,Redmi Note 9 Pro (India)/Pro Max/9S,2020/03
826,Xiaomi,Redmi K30 Pro/Pro Zoom,2020/03
827,Xiaomi,Redmi Note 9/Pro (Global),2020/05
828,Xiaomi,Redmi 10X/Pro,2020/06
829,Xiaomi,Redmi 9,2020/06
830,Xiaomi,Redmi 9A,2020/07
831,Xiaomi,Redmi 9C,2020/08
832,Xiaomi,Redmi 9 Prime,2020/08
833,Xiaomi,Redmi K30 Ultra,2020/08
834,Xiaomi,Redmi K30S,2020/11
835,Xiaomi,Redmi Note 9 4G/5G/Pro 5G,2020/11
836,Xiaomi,Redmi 9 Power,2020/12
837,Xiaomi,Redmi 9T/Note 9T,2021/01
838,Xiaomi,Redmi K40/Pro/Pro+,2021/03
839,Xiaomi,Redmi Note 10/Pro/Pro Max,2021/03
840,Xiaomi,Redmi Note 10S/5G,2021/04
841,Xiaomi,Redmi K40 Gaming,2021/04
842,Xiaomi,Redmi Note 8 2021,2021/05
843,Samsung,Galaxy S1,2010/06
844,Samsung,Galaxy S2,2011/04
845,Samsung,Galaxy Xcover,2011/10
846,Samsung,Galaxy Note,2011/10
847,Samsung,Galaxy S3,2012/05
848,Samsung,Galaxy Note 2,2012/09
849,Samsung,Galaxy Xcover 2,2013/03
850,Samsung,Galaxy S4,2013/04
851,Samsung,Galaxy S4 Zoom,2013/07
852,Samsung,Galaxy Note 3,2013/09
853,Samsung,Galaxy Note 3 Neo,2014/02
854,Samsung,Galaxy S5,2014/04
855,Samsung,Galaxy Alpha,2014/09
856,Samsung,Galaxy Grand Prime,2014/09
857,Samsung,Galaxy Note 4,2014/10
858,Samsung,Galaxy Note Edge,2014/11
859,Samsung,Galaxy A5 Duos,2014/11
860,Samsung,Galaxy A5,2014/12
861,Samsung,Galaxy A3/Duos,2014/12
862,Samsung,Galaxy A7/Duos,2015/02
863,Samsung,Galaxy S6/Edge,2015/04
864,Samsung,Galaxy Xcover 3,2015/04
865,Samsung,Galaxy A8/Duos,2015/08
866,Samsung,Galaxy Note 5,2015/08
867,Samsung,Galaxy S6 Edge+,2015/08
868,Samsung,Galaxy A3,2015/12
869,Samsung,Galaxy A9 (2016),2016/01
870,Samsung,Galaxy S7/Edge,2016/03
871,Samsung,Galaxy Xcover 3 G389F,2016/04
872,Samsung,Galaxy A9 Pro (2016),2016/05
873,Samsung,Galaxy C7,2016/06
874,Samsung,Galaxy Note 7,2016/09
875,Samsung,Galaxy A8 (2016),2016/10
876,Samsung,Galaxy C9 Pro,2016/11
877,Samsung,Galaxy A3 (2017)/A5 (2017)/A7 (2017),2017/01
878,Samsung,Galaxy Xcover 4,2017/04
879,Samsung,Galaxy S8/+,2017/04
880,Samsung,Galaxy Note FE,2017/07
881,Samsung,Galaxy Note 8,2017/08
882,Samsung,Galaxy C8,2017/09
883,Samsung,Galaxy C5,2017/10
884,Samsung,Galaxy A8 (2018)/+,2018/01
885,Samsung,Galaxy S9+,2018/03
885,Samsung,Galaxy S9,2018/03
886,Samsung,Galaxy A6+,2018/05
886,Samsung,Galaxy A6,2018/05
887,Samsung,Galaxy A8 Star,2018/06
888,Samsung,Galaxy Note 9,2018/08
889,Samsung,Galaxy A7 (2018),2018/10
890,Samsung,Galaxy A9 (2018),2018/11
891,Samsung,Galaxy A6s,2018/11
892,Samsung,Galaxy A8s,2018/12
893,Samsung,Galaxy A10,2019/03
894,Samsung,Galaxy A30,2019/03
895,Samsung,Galaxy A50,2019/03
896,Samsung,Galaxy S10/e/+,2019/03
897,Samsung,Galaxy S10 5G,2019/04
898,Samsung,Galaxy A20/A40,2019/04
899,Samsung,Galaxy A2 Core,2019/04
900,Samsung,Galaxy A20e,2019/05
901,Samsung,Galaxy A70,2019/05
902,Samsung,Galaxy A80,2019/05
903,Samsung,Galaxy A60,2019/06
904,Samsung,Galaxy Xcover 4s,2019/07
905,Samsung,Galaxy A10e,2019/08
906,Samsung,Galaxy Note 10,2019/08
906,Samsung,Galaxy Note 10+,2019/08
907,Samsung,Galaxy A10s,2019/08
908,Samsung,Galaxy A30s/A50s,2019/09
909,Samsung,Galaxy A90 5G,2019/09
910,Samsung,Galaxy A70s,2019/09
911,Samsung,Galaxy Fold,2019/09
912,Samsung,Galaxy A20s,2019/10
913,Samsung,Galaxy A51/A71,2019/12
914,Samsung,Galaxy A01,2020/01
915,Samsung,Galaxy Xcover Pro,2020/01
916,Samsung,Galaxy Z Flip,2020/02
917,Samsung,Galaxy S20,2020/03
917,Samsung,Galaxy S20+,2020/03
917,Samsung,Galaxy S20 Ultra,2020/03
918,Samsung,Galaxy Xcover FieldPro,2020/04
919,Samsung,Galaxy A31,2020/04
920,Samsung,Galaxy A11,2020/05
921,Samsung,Galaxy A41,2020/05
922,Samsung,Galaxy A51 5G/A71 5G,2020/06
923,Samsung,Galaxy A21,2020/06
924,Samsung,Galaxy A21s,2020/07
925,Samsung,Galaxy A71 5G UW,2020/06
926,Samsung,Galaxy Z Flip 5G,2020/08
927,Samsung,Galaxy Note 20/Ultra,2020/08
928,Samsung,Galaxy Z Fold 2,2020/08
929,Samsung,Galaxy A01 Core,2020/08
930,Samsung,Galaxy A51 5G UW,2020/08
931,Samsung,Galaxy A42 5G,2020/09
932,Samsung,Galaxy S20 FE,2020/10
933,Samsung,Galaxy F41,2020/10
934,Samsung,Galaxy M21s,2020/11
935,Samsung,Galaxy A12,2020/12
936,Samsung,Galaxy A02s/M02s,2021/01
937,Samsung,Galaxy A32 5G,2021/01
938,Samsung,Galaxy S21,2021/01
938,Samsung,Galaxy S21+,2021/01
938,Samsung,Galaxy S21 Ultra,2021/01
939,Samsung,Galaxy A02,2021/01
940,Samsung,Galaxy M02,2021/02
941,Samsung,Galaxy M12,2021/02
942,Samsung,Galaxy F62,2021/02
943,Samsung,Galaxy M62,2021/03
944,Samsung,Galaxy A32,2021/03
945,Samsung,Galaxy Xcover 5,2021/03
946,Samsung,Galaxy A52,2021/03
947,Samsung,Galaxy A72,2021/03
948,Samsung,Galaxy F02s,2021/04
949,Samsung,Galaxy F12,2021/04
950,Sony,Ericsson Xperia X10,2010/03
951,Sony,Ericsson Xperia X8,2010/06
952,Sony,Ericsson Xperia Play,2011/04
953,Sony,Ericsson Xperia pro,2011/10
954,Sony,Xperia Z,2013/02
955,Sony,Xperia Z Ultra,2013/09
956,Sony,Xperia Z1,2013/09
957,Sony,Xperia Z1 Compact,2014/02
958,Sony,Xperia Z2,2014/05
959,Sony,Xperia Z3,2014/09
960,Sony,Xperia Z4,2015/06
961,Sony,Xperia Z5/Compact,2015/10
962,Sony,Xperia Z5 Premium,2015/11
963,Sony,Xperia X/Performance,2016/02
964,Sony,Xperia XA,2016/06
965,Sony,Xperia XA Ultra,2016/07
966,Sony,Xperia X Compact,2016/09
967,Sony,Xperia XZ,2016/09
968,Sony,Xperia XZs/Premium,2017/02
969,Sony,Xperia XA1,2017/04
970,Sony,Xperia XA1 Ultra,2017/05
971,Sony,Xperia L1,2017/06
972,Sony,Xperia XZ1/Compact,2017/08
973,Sony,Xperia XA1 Plus,2017/10
974,Sony,Xperia L2,2018/01
975,Sony,Xperia XA2/Ultra,2018/02
976,Sony,Xperia XZ2/Compact,2018/02
977,Sony,Xperia XZ2 Premium,2018/04
978,Sony,Xperia XZ3,2018/08
979,Sony,Xperia XA2 Plus,2018/09
980,Sony,Xperia 10/10 Plus,2019/02
981,Sony,Xperia L3,2019/02
982,Sony,Xperia 1,2019/05
983,Sony,Xperia 5,2019/09
984,Sony,Xperia 8,2019/10
985,Sony,Xperia L4,2020/04
986,Sony,Xperia 1 II,2020/05
987,Sony,Xperia 10 II,2020/05
988,Sony,Xperia 5 II,2020/10
989,Sony,Xperia Pro,2021/01
990,Sony,Xperia 10 III,2021/04
991,Sony,Xperia 5 III,2021/04
992,Sony,Xperia 1 III,2021/04
993,Microsoft,Surface Duo,2020/09
994,TCL,Plex,2019/10
995,TCL,TCL 10L,2020/05
996,TCL,10 Pro,2020/05
997,TCL,10 SE,2020/07
998,TCL,10 5G,2020/07
999,TCL,10 Plus,2020/09
1000,Tecno,Phantom 6/Plus,2016/09
1001,Tecno,Camon CX,2017/03
1002,Tecno,Camon CX Air,2017/04
1003,Tecno,Spark,2017/05
1004,Tecno,Spark Plus,2017/06
1005,Tecno,Phantom 8,2017/09
1006,Tecno,Spark Pro,2017/10
1007,Tecno,Camon CM,2017/12
1008,Tecno,Spark CM,2017/12
1009,Tecno,Camon X/Pro,2018/03
1010,Tecno,Spark 2,2018/06
1011,Tecno,Camon 11/Pro,2018/09
1012,Tecno,Camon iACE2/2X,2019/02
1013,Tecno,Spark 3/Pro,2019/04
1014,Tecno,Phantom 9,2019/07
1015,Tecno,Spark Go,2019/08
1016,Tecno,Spark 4/Air/Lite,2016/08
1017,Tecno,Camon 12,2019/08
1018,Tecno,Camon 12 Pro,2019/09
1019,Tecno,Camon 12 Air,2019/10
1020,Tecno,Camon 15/Pro,2020/02
1021,Tecno,Camon 15 Air/Premier,2020/04
1022,Tecno,Spark 5,2020/05
1023,Tecno,Spark 5 Air,2020/05
1024,Tecno,Spark 5 Pro,2020/05
1025,Tecno,Spark Power 2,2020/06
1026,Tecno,Pouvoir 4/Pro,2020/07
1027,Tecno,Camon 16 Premier,2020/09
1028,Tecno,Spark 6 Air,2020/09
1029,Tecno,Spark 6,2020/09
1030,Tecno,Camon 16,2020/10
1031,Tecno,Pova,2020/10
1032,Vivo,Vivo X1,2012/11
1033,Vivo,Vivo X3,2013/08
1034,Vivo,Vivo X3S,2014/12
1035,Vivo,X5/Max,2014/12
1036,Vivo,X5Max+,2015/03
1037,Vivo,X5Pro,2015/05
1038,Vivo,X5Max Platinum,2015/06
1039,Vivo,Vivo V1,2015/07
1040,Vivo,V1 Max,2015/08
1041,Vivo,X6/Plus,2015/11
1042,Vivo,X6S/Plus,2016/03
1043,Vivo,V3/Max,2016/04
1044,Vivo,X7/Plus,2016/07
1045,Vivo,X9/Plus,2016/07
1046,Vivo,Vivo V5,2016/11
1047,Vivo,V5 Plus,2017/01
1048,Vivo,V5 Lite/Y66,2017/02
1049,Vivo,Vivo V5s,2017/05
1050,Vivo,X9s/Plus,2017/07
1051,Vivo,Vivo V7+,2017/09
1052,Vivo,X20/Plus,2017/09
1053,Vivo,Vivo V7,2017/12
1054,Vivo,X20 Plus UD,2018/01
1055,Vivo,X21/UD,2018/03
1056,Vivo,V9/Youth,2018/04
1057,Vivo,X21i,2018/05
1058,Vivo,Vivo NEX,2018/06
1059,Vivo,Vivo V11,2018/09
1060,Vivo,Vivo X23,2018/09
1061,Vivo,V11i,2018/09
1062,Vivo,NEX Dual Display,2018/12
1063,Vivo,V15/Pro,2019/03
1064,Vivo,X27/Pro,2019/03
1065,Vivo,V17 Neo,2019/08
1066,Vivo,NEX 3,2019/09
1067,Vivo,V17 Pro,2019/09
1068,Vivo,Vivo V17,2019/12
1069,Vivo,X30/Pro,2019/12
1070,Vivo,NEX 3S,2020/03
1071,Vivo,Vivo V19,2020/04
1072,Vivo,X50 Lite,2020/05
1073,Vivo,X50/Pro/Pro+,2020/06
1074,Vivo,V19 Neo,2020/06
1075,Vivo,V20 Pro,2020/09
1076,Vivo,X50e,2020/10
1077,Vivo,V20 SE,2020/10
1078,Vivo,Vivo V20,2020/10
1079,Vivo,Vivo X51,2020/10
1080,Vivo,V20 ,2020/12
1081,Vivo,X60/Pro/Pro+,2021/01
1082,Xiaomi,Mi 1,2011/12
1083,Xiaomi,Mi 1S,2012/08
1084,Xiaomi,Mi 2,2012/10
1085,Xiaomi,Mi 2S/A,2013/04
1086,Xiaomi,Mi 3/TD,2013/12
1087,Xiaomi,Mi 4,2014/08
1088,Xiaomi,Mi Note,2015/01
1089,Xiaomi,Mi Note Pro,2015/05
1090,Xiaomi,Mi 4i,2015/04
1091,Xiaomi,Mi 4c,2015/09
1092,Xiaomi,Mi 4S,2016/03
1093,Xiaomi,Mi 5,2016/04
1094,Xiaomi,Mi Max/Pro,2016/05
1095,Xiaomi,Mi 5s/Plus,2016/10
1096,Xiaomi,Mi Note 2,2016/11
1097,Xiaomi,Mi MIX,2016/11
1098,Xiaomi,Mi 5c,2017/03
1099,Xiaomi,Mi 6,2017/04
1100,Xiaomi,Mi Max 2,2017/06
1101,Xiaomi,Mi 5X/Mi A1,2017/08
1102,Xiaomi,Mi Note 3,2017/09
1103,Xiaomi,Mi MIX 2,2017/09
1104,Xiaomi,Mi MIX 2S,2018/04
1105,Xiaomi,Mi 6X/Mi A2,2018/04
1106,Xiaomi,Black Shark,2018/04
1107,Xiaomi,Mi 8/SE/EE,2018/06
1108,Xiaomi,Mi Max 3,2018/07
1109,Xiaomi,Pocophone F1,2018/08
1110,Xiaomi,Mi 8 Pro/Lite,2018/09
1111,Xiaomi,Mi MIX 3,2018/11
1112,Xiaomi,Black Shark Helo,2018/11
1113,Xiaomi,Mi Play,2018/12
1114,Xiaomi,Mi 9/SE,2019/03
1115,Xiaomi,Black Shark 2,2019/03
1116,Xiaomi,Mi MIX 3 5G,2019/05
1117,Xiaomi,Mi 9T,2019/06
1118,Xiaomi,Mi A3,2019/07
1119,Xiaomi,Mi 9T Pro,2019/08
1120,Xiaomi,Black Shark 2 Pro,2019/08
1121,Xiaomi,Mi 9 Lite,2019/09
1122,Xiaomi,Mi 9 Pro/Pro 5G,2019/09
1123,Xiaomi,Mi Note 10/Pro,2019/11
1124,Xiaomi,Mi 10/Pro,2020/02
1125,Xiaomi,Black Shark 3/Pro,2020/03
1126,Xiaomi,Mi 10 Lite,2020/05
1127,Xiaomi,Mi 10 Youth,2020/05
1128,Xiaomi,Mi Note 10 Lite,2020/05
1129,Xiaomi,POCO M2 Pro,2020/07
1130,Xiaomi,Mi 10 Ultra,2020/08
1131,Xiaomi,POCO X3 NFC,2020/09
1132,Xiaomi,POCO M2,2020/09
1133,Xiaomi,POCO X3,2020/09
1134,Xiaomi,Mi 10T/Pro/Lite,2020/10
1135,Xiaomi,POCO C3,2020/10
1136,Xiaomi,POCO M3,2020/11
1137,Xiaomi,Mi 11,2021/01
1138,Xiaomi,Mi 10i,2021/01
1139,Xiaomi,Mi 10S,2021/03
1140,Xiaomi,POCO X3 Pro,2021/03
1141,Xiaomi,POCO F3,2021/03
1142,Xiaomi,Black Shark 4/Pro,2021/03
1143,Xiaomi,Mi 11 Pro/Ultra/11i,2021/04
1144,Xiaomi,Mi 11 Lite/Lite 5G,2021/04
1145,Xiaomi,Mi MIX Fold,2021/04
1146,Xiaomi,POCO M2 Reloaded,2021/04
1147,Xiaomi,Mi 11X/Pro,2021/04
1148,ZTE,Racer,2010/07
1149,ZTE,Blade,2010/11
1150,ZTE,Libra,2011/09
1151,ZTE,Racer II,2011/09
1152,ZTE,Skate,2011/09
1153,ZTE,Score,2011/09
1154,ZTE,Warp,2011/10
1155,ZTE,FTV Phone,2011/12
1156,ZTE,Blade II V880+,2012/03
1157,ZTE,Score M,2012/03
1158,ZTE,V880E,2012/05
1159,ZTE,Kis V788,2012/07
1160,ZTE,Grand X,2012/07
1161,ZTE,Grand X IN,2012/09
1162,ZTE,Blade III,2012/09
1163,ZTE,Grand Era,2012/09
1164,ZTE,Warp Sequent,2012/09
1165,ZTE,Grand X LTE,2012/11
1166,ZTE,Flash,2012/11
1167,ZTE,Groove X501,2012/11
1168,ZTE,Kis III V790,2012/11
1169,ZTE,N910,2012/12
1170,ZTE,ZTE Era,2012/12
1171,ZTE,V887,2012/12
1172,ZTE,V889M,2012/12
1173,ZTE,Avid 4G,2012/12
1174,ZTE,Grand S,2013/03
1175,ZTE,Director,2013/03
1176,ZTE,Blade C V807,2013/04
1177,ZTE,Blade III Pro,2013/04
1178,ZTE,Blade G V880G,2013/04
1179,ZTE,Blade G2,2013/07
1180,ZTE,Blade V,2013/09
1181,ZTE,Blade Q/Maxi/Mini,2013/10
1182,ZTE,Blade L2,2014/05
1183,ZTE,Blade Vec 3G/4G,2014/11
1184,ZTE,Blade S6,2015/02
1185,ZTE,Blade G/Lux,2015/02
1186,ZTE,Blade L3,2015/02
1187,ZTE,Blade L3 Plus,2015/03
1188,ZTE,Blade S6 Plus,2015/04
1189,ZTE,Blade Qlux 4G,2015/06
1190,ZTE,Blade Q Pro,2015
1191,ZTE,Blade Apex 3,2015/06
1192,ZTE,Blade A410,2015/06
1193,ZTE,Blade A460,2015/06
1194,ZTE,Axon Pro/Lux,2015/07
1195,ZTE,Blade D6,2015/07
1196,ZTE,Axon Elite,2015/09
1197,ZTE,Axon mini,2015/10
1198,ZTE,Blade S7,2015/10
1199,ZTE,Axon,2015/10
1200,ZTE,Blade X3/5/9,2015/11
1201,ZTE,Axon Max,2015/12
1202,ZTE,Blade V7/Lite,2016/02
1203,ZTE,Axon 7,2016/05
1204,ZTE,Axon 7 mini,2016/09
1205,ZTE,Axon 7 Max,2016/10
1206,ZTE,Axon 7s,2017/04
1207,ZTE,Maven 2,2017/07
1208,ZTE,Blade A6,2017/08
1209,ZTE,Axon M,2017/10
1210,ZTE,Blade X,2017/10
1211,ZTE,Blade A3,2017/11
1212,ZTE,Tempo Go,2018/02
1213,ZTE,Blade V9/Vita,2018/02
1214,ZTE,Axon 9 Pro,2018/08
1215,ZTE,Blade A7 Vita,2018/12
1216,ZTE,Blade V10/Vita,2019/02
1217,ZTE,Axon 10 Pro/5G,2019/02
1218,ZTE,Blade L8,2019/04
1219,ZTE,Blade A3 (2019),2019/04
1220,ZTE,Blade A7,2019/05
1221,ZTE,Blade A5 (2019),2019/05
1222,ZTE,Blade A20,2019/10
1223,ZTE,Blade 10 Prime,2019/11
1224,ZTE,Blade A7 Prime,2019/11
1225,ZTE,Blade Max View,2019/11
1226,ZTE,Axon 10s Pro 5G,2020/02
1227,ZTE,Axon 11 4G/5G,2020/03
1228,ZTE,Blade V 2020,2020/05
1229,ZTE,Axon 11 SE 5G,2020/06
1230,ZTE,Axon 20 5G,2020/09
1231,ZTE,Blade A7s 2020,2020/09
1232,ZTE,Blade 20 5G,2020/09
1233,ZTE,Axon 20 4G,2020/09
1234,ZTE,S30/Pro/SE,2021/04
1235,ZTE,Axon 30 Pro/Ultra,2021/04
1236,ZTE,Blade 11 Prime,2020/09
1237,Apple,iPad 9.7 (2017),
1238,Apple,Watch Edition Series 2 42mm,
1239,Apple,Watch Edition Series 2 38mm,
1240,Apple,Watch Series 2 42mm,
1241,Apple,Watch Series 2 38mm,
1242,Apple,Watch Series 2 Aluminum 42mm,
1243,Apple,Watch Series 1 Aluminum 42mm,
1244,Apple,Watch Series 2 Aluminum 38mm,
1245,Apple,Watch Series 1 Aluminum 38mm,
1246,Apple,iPhone 7 Plus,
1247,Apple,iPhone 7,
1248,Apple,iPad Pro 9.7 (2016),
1249,Apple,iPhone SE,
1250,Apple,iPhone 6s Plus,
1251,Apple,iPhone 6s,
1252,Apple,iPad Pro 12.9 (2015),
1253,Apple,iPad mini 4 (2015),
1254,Apple,Watch Edition 42mm (1st gen),
1255,Apple,Watch Edition 38mm (1st gen),
1256,Apple,Watch 42mm (1st gen),
1257,Apple,Watch 38mm (1st gen),
1258,Apple,Watch Sport 42mm (1st gen),
1259,Apple,Watch Sport 38mm (1st gen),
1260,Apple,iPad 9.7 (2017),
1261,Apple,Watch Edition Series 2 42mm,
1262,Apple,Watch Edition Series 2 38mm,
1263,Apple,Watch Series 2 42mm,
1264,Apple,Watch Series 2 38mm,
1265,Apple,Watch Series 2 Aluminum 42mm,
1266,Apple,Watch Series 1 Aluminum 42mm,
1267,Apple,Watch Series 2 Aluminum 38mm,
1268,Apple,Watch Series 1 Aluminum 38mm,
1269,Apple,iPhone 7 Plus,
1270,Apple,iPhone 8,
1271,Apple,iPad Pro 9.7 (2016),
1272,Apple,iPhone SE,
1273,Apple,iPhone 6s Plus,
1274,Apple,iPhone 6s,
1275,Apple,iPad Pro 12.9 (2015),
1276,Apple,iPad mini 4 (2015),
1277,Apple,Watch Edition 42mm (1st gen),
1278,Apple,Watch Edition 38mm (1st gen),
1279,Apple,Watch 42mm (1st gen),
1280,Apple,Watch 38mm (1st gen),
1281,Apple,Watch Sport 42mm (1st gen),
1282,Apple,Watch Sport 38mm (1st gen),
1283,Apple,iPad 9.7 (2017),
1284,Apple,Watch Edition Series 2 42mm,
1285,Apple,Watch Edition Series 2 38mm,
1286,Apple,Watch Series 2 42mm,
1287,Apple,Watch Series 2 38mm,
1288,Apple,Watch Series 2 Aluminum 42mm,
1289,Apple,Watch Series 1 Aluminum 42mm,
1290,Apple,Watch Series 2 Aluminum 38mm,
1291,Apple,Watch Series 1 Aluminum 38mm,
1292,Apple,iPhone 7 Plus,
1293,Apple,iPhone 9,
1294,Apple,iPad Pro 9.7 (2016),
1295,Apple,iPhone SE,
1296,Apple,iPhone 6s Plus,
1297,Apple,iPhone 6s,
1298,Apple,iPad Pro 12.9 (2015),
1299,Apple,iPad mini 4 (2015),
1300,Apple,Watch Edition 42mm (1st gen),
1301,Apple,Watch Edition 38mm (1st gen),
1302,Apple,Watch 42mm (1st gen),
1303,Apple,Watch 38mm (1st gen),
1304,Apple,Watch Sport 42mm (1st gen),
1305,Apple,Watch Sport 38mm (1st gen),
1306,Apple,iPad 9.7 (2017),
1307,Apple,Watch Edition Series 2 42mm,
1308,Apple,Watch Edition Series 2 38mm,
1309,Apple,Watch Series 2 42mm,
1310,Apple,Watch Series 2 38mm,
1311,Apple,Watch Series 2 Aluminum 42mm,
1312,Apple,Watch Series 1 Aluminum 42mm,
1313,Apple,Watch Series 2 Aluminum 38mm,
1314,Apple,Watch Series 1 Aluminum 38mm,
1315,Apple,iPhone 7 Plus,
1316,Apple,iPhone 10,
1317,Apple,iPhone X,
1318,Apple,iPhone 11,
1319,Apple,iPhone 11 Pro,
1320,Apple,iPhone 11 Pro Max,
1321,Apple,iPhone 11 Max,
1322,Apple,iPhone 12,
1323,Apple,iPhone 12 Pro,
1324,Apple,iPhone 12 Pro Max,
1325,Apple,iPhone 12 Max,
1326,Apple,iPhone XS,
1327,Apple,iPhone XS Max,
1328,Apple,iPhone SE 2,
1329,Apple,iPhone 12 Mini,
1330,Apple,iPhone XR,